#Scan#	Adduct	CAS_Number	Charge	Compound_Name	Compound_Source	Data_Collector	ExactMass	FileScanUniqueID	INCHI	INCHI_AUX	Instrument	IonMode	Ion_Source	LibMZ	LibraryName	LibraryQualityString	Library_Class	MQScore	MZErrorPPM	MassDiff	NumberHits	Organism	PI	Precursor_MZ	Pubmed_ID	RT_Query	SharedPeaks	Smiles	SpecCharge	SpecMZ	SpectrumFile	SpectrumID	TIC_Query	UpdateWorkflowName	tags
10160	M-H2O+H	n/a	1	NCGC00180497-02!	isolated	lfnothias	428.329	spectra/specs_ms.mgf10160	InChI=1S/C28H44O3/c1-18(2)19(3)7-8-20(4)22-9-10-23-25(22,5)13-12-24-26(6)14-11-21(29)17-27(26)15-16-28(23,24)31-30-27/h7-8,15-16,18-24,29H,9-14,17H2,1-6H3/b8-7+/t19-,20+,21-,22+,23+,24?,25+,26+,27+,28-/m0/s1	N/A	Maxis II HD Q-TOF Bruker	positive	LC-ESI	411.325	lib-00001.mgf	Gold	1	0.831066	3.3387	0.00137329	1	GNPS-NIH-NATURALPRODUCTSLIBRARY_ROUND2_POSITIVE	Jadhav/Dorrestein	411.325	n/a	0	8	CC(C)[C@@H](C)\C=C\[C@@H](C)[C@H]1CC[C@@H]2[C@]1(C)CCC3[C@@]4(C)CC[C@H](O)C[C@@]45OO[C@@]23C=C5	1	411.326	spectra/specs_ms.mgf	CCMSLIB00000848042	38689	UPDATE-SINGLE-ANNOTATED-GOLD	 
1033	M+H	N/A	1	Ursodiol	Isolated	Ed Esquenazi 	0.0	spectra/specs_ms.mgf1033	N/A	N/A	qTof	Positive	LC-ESI	749.571	lib-00007.mgf	Bronze	3	0.760798	1.38426	0.0010376	1	GNPS-SELLECKCHEM-FDA-PART1	Sirenas	749.571	N/A	0	7	N/A	1	749.572	spectra/specs_ms.mgf	CCMSLIB00000005524	785438	UPDATE-SINGLE-ANNOTATED-BRONZE	 
1034	M+H	94-62-2	1	Piperin	Isolated	Denise Silva	285.137	spectra/specs_ms.mgf1034	InChI=1S/C17H19NO3/c19-17(18-10-4-1-5-11-18)7-3-2-6-14-8-9-15-16(12-14)21-13-20-15/h2-3,6-9,12H,1,4-5,10-11,13H2/b6-2+,7-3+	N/A	qTof	Positive	DI-ESI	286.117	lib-00012.mgf	Bronze	3	0.955614	93.9685	0.026886	1	GNPS-LIBRARY	Norberto Lopes	286.117	N/A	0	7	O=C(/C=C/C=C/C1=CC=C(OCO2)C2=C1)N3CCCCC3	1	286.144	spectra/specs_ms.mgf	CCMSLIB00000081712	46819	UPDATE-SINGLE-ANNOTATED-BRONZE	 
1035	M+H	458377	1	Spectral Match to Curcumin from NIST14	Isolated	Data deposited by amelnik	0.0	spectra/specs_ms.mgf1035	N/A	N/A	HCD	Positive	ESI	369.133	lib-00028.mgf	Bronze	3	0.922193	1.65347	0.000610352	1	GNPS-NIST14-MATCHES	Data from Rob Knight 	369.133	N/A	0	13	N/A	1	369.134	spectra/specs_ms.mgf	CCMSLIB00003134864	165055	UPDATE-SINGLE-ANNOTATED-BRONZE	 
1037	M+H-H2O	53941381	1	Spectral Match to 3-Hydroxydodecanoic acid from NIST14	Isolated	Data deposited by amelnik	0.0	spectra/specs_ms.mgf1037	N/A	N/A	Q-TOF	Positive	ESI	199.169	lib-00028.mgf	Bronze	3	0.931095	1.99192	0.000396729	1	GNPS-NIST14-MATCHES	Data from Rob Knight 	199.169	N/A	0	7	N/A	1	199.169	spectra/specs_ms.mgf	CCMSLIB00003137333	13172	UPDATE-SINGLE-ANNOTATED-BRONZE	 
1039	M+H	53862354	1	Spectral Match to 1-Palmitoyl-2-hydroxy-sn-glycero-3-phosphoethanolamine from NIST14	Isolated	Data deposited by alchemistmatt	0.0	spectra/specs_ms.mgf1039	N/A	N/A	HCD	Positive	ESI	454.291	lib-00028.mgf	Bronze	3	0.879632	3.9634	0.00180054	1	GNPS-NIST14-MATCHES	Data from Katrina Waters;Yoshihiro Kawaoka;Michael Diamond;Richard Smith;Thomas Metz	454.291	N/A	0	11	N/A	1	454.293	spectra/specs_ms.mgf	CCMSLIB00003134881	53813	UPDATE-SINGLE-ANNOTATED-BRONZE	 
105	M+H	34217-90-8 	1	Stercobilin	Other	A. Jarmusch	595.35	spectra/specs_ms.mgf105	 	 	Orbitrap	Positive	LC-ESI	595.35	lib-00012.mgf	Bronze	3	0.770384	3.28063	0.00195312	1	GNPS-LIBRARY	Dorrestein	595.35	5280818	0	12	CCC1C(C(=O)NC1CC2=NC(=CC3=C(C(=C(N3)CC4C(C(C(=O)N4)CC)C)C)CCC(=O)O)C(=C2C)CCC(=O)O)C	1	595.348	spectra/specs_ms.mgf	CCMSLIB00001059689	4770	UPDATE-SINGLE-ANNOTATED-BRONZE	 
1054	M+H	 	1	Stearoyl Ethanolamide	Commercial	lfnothias	0.0	spectra/specs_ms.mgf1054	 	 	qTof	Positive	LC-ESI	-1.0	lib-00012.mgf	Bronze	3	0.859668	3.34623	0.00109863	1	GNPS-LIBRARY	Dorrestein	-1.0	 	0	9	CCCCCCCCCCCCCCCCCC(=O)NCCO	1	328.321	spectra/specs_ms.mgf	CCMSLIB00004684225	5030	UPDATE-SINGLE-ANNOTATED-BRONZE	 
1055	M+H	 	1	N-Oleoylethanolamine	Commercial	lfnothias	0.0	spectra/specs_ms.mgf1055	 	 	qTof	Positive	LC-ESI	326.306	lib-00012.mgf	Bronze	3	0.758984	2.15106	0.000701904	1	GNPS-LIBRARY	Dorrestein	326.306	 	0	8	CCCCCCCC\C=C/CCCCCCCC(=O)NCCO	1	326.305	spectra/specs_ms.mgf	CCMSLIB00004684205	5198	UPDATE-SINGLE-ANNOTATED-BRONZE	 
1056	M+H-H2O	832973	1	Spectral Match to DL-Indole-3-lactic acid from NIST14	Isolated	Data deposited by aaksenov	0.0	spectra/specs_ms.mgf1056	N/A	N/A	Q-TOF	Positive	ESI	188.071	lib-00028.mgf	Bronze	3	0.992632	2.10946	0.000396729	1	GNPS-NIST14-MATCHES	Data from P. Dorrestein R. Knight	188.071	N/A	0	7	N/A	1	188.071	spectra/specs_ms.mgf	CCMSLIB00003139328	2849	UPDATE-SINGLE-ANNOTATED-BRONZE	 
1058	M+H	566938	1	Spectral Match to Cholesta-4,6-dien-3-one from NIST14	Isolated	Data deposited by amelnik	0.0	spectra/specs_ms.mgf1058	N/A	N/A	HCD	Positive	ESI	383.33	lib-00028.mgf	Bronze	3	0.855417	3.66214	0.00140381	1	GNPS-NIST14-MATCHES	Data from PDorrestein	383.33	N/A	0	12	N/A	1	383.331	spectra/specs_ms.mgf	CCMSLIB00003138969	12921	UPDATE-SINGLE-ANNOTATED-BRONZE	 
1061	M+H-2H2O	81254	1	Spectral Match to Cholic acid from NIST14	Isolated	Data deposited by amelnik	0.0	spectra/specs_ms.mgf1061	N/A	N/A	QqQ	Positive	ESI	373.273	lib-00028.mgf	Bronze	3	0.813935	1.30811	0.000488281	1	GNPS-NIST14-MATCHES	Data from Rob Knight 	373.273	N/A	0	12	N/A	1	373.273	spectra/specs_ms.mgf	CCMSLIB00003137520	164911	UPDATE-SINGLE-ANNOTATED-BRONZE	 
1062	M+H	89576294	1	Spectral Match to 1-(9Z-Octadecenoyl)-sn-glycero-3-phosphoethanolamine from NIST14	Isolated	Data deposited by amelnik	0.0	spectra/specs_ms.mgf1062	N/A	N/A	QqIT	Positive	ESI	480.308	lib-00028.mgf	Bronze	3	0.859042	1.84259	0.00088501	1	GNPS-NIST14-MATCHES	Data from PDorrestein	480.308	N/A	0	14	N/A	1	480.309	spectra/specs_ms.mgf	CCMSLIB00003137869	46148	UPDATE-SINGLE-ANNOTATED-BRONZE	 
1071	M+H-H2O	128132	1	Spectral Match to Ursodeoxycholic acid from NIST14	Isolated	Data deposited by amelnik	0.0	spectra/specs_ms.mgf1071	N/A	N/A	HCD	Positive	ESI	375.289	lib-00028.mgf	Bronze	3	0.856994	0	0	1	GNPS-NIST14-MATCHES	Data from Rob Knight 	375.289	N/A	0	14	N/A	1	375.289	spectra/specs_ms.mgf	CCMSLIB00003139029	15465	UPDATE-SINGLE-ANNOTATED-BRONZE	 
1073	M+H	 	1	Linoleoyl Ethanolamide	Commercial	lfnothias	0.0	spectra/specs_ms.mgf1073	 	 	qTof	Positive	LC-ESI	324.289	lib-00012.mgf	Bronze	3	0.714624	3.1055	0.00100708	1	GNPS-LIBRARY	Dorrestein	324.289	 	0	8	CCCCC/C=C\C/C=C\CCCCCCCC(=O)NCCO	1	324.29	spectra/specs_ms.mgf	CCMSLIB00004684207	2390	UPDATE-SINGLE-ANNOTATED-BRONZE	 
1080	M+H	2420566	1	Spectral Match to Conjugated linoleic Acid (10E,12Z) from NIST14	Isolated	Data deposited by aaksenov	0.0	spectra/specs_ms.mgf1080	N/A	N/A	HCD	Positive	ESI	281.248	lib-00028.mgf	Bronze	3	0.837998	0.976569	0.000274658	1	GNPS-NIST14-MATCHES	Data from P. Dorrestein R. Knight	281.248	N/A	0	9	N/A	1	281.248	spectra/specs_ms.mgf	CCMSLIB00003139643	3562	UPDATE-SINGLE-ANNOTATED-BRONZE	 
1082	M+H	2420566	1	Spectral Match to Conjugated linoleic Acid (10E,12Z) from NIST14	Isolated	Data deposited by amelnik	0.0	spectra/specs_ms.mgf1082	N/A	N/A	HCD	Positive	ESI	281.247	lib-00028.mgf	Bronze	3	0.888816	3.14673	0.00088501	1	GNPS-NIST14-MATCHES	Data from Rob Knight 	281.247	N/A	0	10	N/A	1	281.248	spectra/specs_ms.mgf	CCMSLIB00003136151	14987	UPDATE-SINGLE-ANNOTATED-BRONZE	Lipid
1093	M+H	54739309	1	Spectral Match to 13-Keto-9Z,11E-octadecadienoic acid from NIST14	Isolated	Data deposited by amelnik	0.0	spectra/specs_ms.mgf1093	N/A	N/A	IT-FT/ion trap with FTMS	Positive	ESI	295.227	lib-00028.mgf	Bronze	3	0.913882	1.34381	0.000396729	1	GNPS-NIST14-MATCHES	Data from PDorrestein	295.227	N/A	0	11	N/A	1	295.227	spectra/specs_ms.mgf	CCMSLIB00003139918	32921	UPDATE-SINGLE-ANNOTATED-BRONZE	 
11038	[M+H]+	50-48-6	1	Massbank:EA282110 Amitriptyline|3-(10,11-Dihydro-5H-dibenzo[a,d][7]annulen-5-ylidene)-N,N-dimethyl-1-propanamine	Isolated	Massbank	0.0	spectra/specs_ms.mgf11038	1S/C20H23N/c1-21(2)15-7-12-20-18-10-5-3-8-16(18)13-14-17-9-4-6-11-19(17)20/h3-6,8-12H,7,13-15H2,1-2H3	N/A	LC-ESI-ITFT	Positive	ESI	278.19	lib-00003.mgf	Bronze	3	0.905057	1.75521	0.000488281	1	MASSBANK	Putative Massbank Match	278.19	N/A	0	9	C1(\c2c(CCc3c1cccc3)cccc2)=C\CCN(C)C	1	278.19	spectra/specs_ms.mgf	CCMSLIB00000211521	3746	UPDATE-SINGLE-ANNOTATED-BRONZE	 
1105	M+H	6921615	1	Spectral Match to Urobilin from NIST14	Isolated	Data deposited by mjmeehan	0.0	spectra/specs_ms.mgf1105	N/A	N/A	HCD	Positive	ESI	591.317	lib-00028.mgf	Bronze	3	0.878506	0.309657	0.000183105	1	GNPS-NIST14-MATCHES	Data from Gabriel Haddad	591.317	N/A	0	16	N/A	1	591.317	spectra/specs_ms.mgf	CCMSLIB00003137178	88978	UPDATE-SINGLE-ANNOTATED-BRONZE	 
1109	M+H	n/a	1	1-desoxymethylsphinganine	commercial	lfnothias	301.298	spectra/specs_ms.mgf1109	n/a	N/A	Maxis II HD Q-TOF Bruker	positive	LC-ESI	302.305	lib-00022.mgf	Gold	1	0.947961	0.605698	0.000183105	1	GNPS-COLLECTIONS-MISC	Dorrestein/Wu	302.305	n/a	0	8	CCCCCCCCCCCCCCC[C@H](CN)O	1	302.305	spectra/specs_ms.mgf	CCMSLIB00001058181	6475	UPDATE-SINGLE-ANNOTATED-GOLD	 
1118	M+H	5579668	1	Spectral Match to Decaethylene glycol from NIST14	Isolated	Data deposited by amelnik	0.0	spectra/specs_ms.mgf1118	N/A	N/A	QqQ	Positive	ESI	459.28	lib-00028.mgf	Bronze	3	0.953525	0.465126	0.000213623	1	GNPS-NIST14-MATCHES	Data from Rob Knight 	459.28	N/A	0	12	N/A	1	459.28	spectra/specs_ms.mgf	CCMSLIB00003136855	17249	UPDATE-SINGLE-ANNOTATED-BRONZE	 
1123	M+H-2H2O	81254	1	Spectral Match to Cholic acid from NIST14	Isolated	Data deposited by fevargas	0.0	spectra/specs_ms.mgf1123	N/A	N/A	QqQ	Positive	ESI	373.274	lib-00028.mgf	Bronze	3	0.735905	1.3081	0.000488281	1	GNPS-NIST14-MATCHES	Data from Joshua Wollam	373.274	N/A	0	13	N/A	1	373.273	spectra/specs_ms.mgf	CCMSLIB00003136574	14543	UPDATE-SINGLE-ANNOTATED-BRONZE	 
1124	M+H	123784	1	Spectral Match to D-erythro-C18-Sphingosine from NIST14	Isolated	Data deposited by amelnik	0.0	spectra/specs_ms.mgf1124	N/A	N/A	HCD	Positive	ESI	300.289	lib-00028.mgf	Bronze	3	0.88804	2.03255	0.000610352	1	GNPS-NIST14-MATCHES	Data from PDorrestein	300.289	N/A	0	8	N/A	1	300.29	spectra/specs_ms.mgf	CCMSLIB00003139228	9468	UPDATE-SINGLE-ANNOTATED-BRONZE	 
1129	M+H-H2O	N/A	1	Spectral Match to 9(10)-EpOME from NIST14	Isolated	Data deposited by mjmeehan	0.0	spectra/specs_ms.mgf1129	N/A	N/A	HCD	Positive	ESI	279.231	lib-00028.mgf	Bronze	3	0.799955	3.60662	0.00100708	1	GNPS-NIST14-MATCHES	Data from Gabriel Haddad	279.231	N/A	0	9	N/A	1	279.232	spectra/specs_ms.mgf	CCMSLIB00003134812	19716	UPDATE-SINGLE-ANNOTATED-BRONZE	 
1136	M+H	53862354	1	Spectral Match to 1-Palmitoyl-2-hydroxy-sn-glycero-3-phosphoethanolamine from NIST14	Isolated	Data deposited by alchemistmatt	0.0	spectra/specs_ms.mgf1136	N/A	N/A	HCD	Positive	ESI	454.29	lib-00028.mgf	Bronze	3	0.786689	6.58329	0.00299072	1	GNPS-NIST14-MATCHES	Data from Katrina Waters;Yoshihiro Kawaoka;Richard Smith;Thomas Metz;Ralph Baric	454.29	N/A	0	7	N/A	1	454.293	spectra/specs_ms.mgf	CCMSLIB00003136005	57360	UPDATE-SINGLE-ANNOTATED-BRONZE	 
1137	M+H	6809707	1	Spectral Match to Undecaethylene glycol from NIST14	Isolated	Data deposited by fevargas	0.0	spectra/specs_ms.mgf1137	N/A	N/A	QqQ	Positive	ESI	503.311	lib-00028.mgf	Bronze	3	0.984719	9.15568	0.00460815	1	GNPS-NIST14-MATCHES	Data from Karly Nisson	503.311	N/A	0	18	N/A	1	503.306	spectra/specs_ms.mgf	CCMSLIB00003135327	51763	UPDATE-SINGLE-ANNOTATED-BRONZE	 
11515	M+H	2716532	1	Spectral Match to Monoelaidin from NIST14	Isolated	Data deposited by amelnik	0.0	spectra/specs_ms.mgf11515	N/A	N/A	HCD	Positive	ESI	357.299	lib-00028.mgf	Bronze	3	0.910659	1.11035	0.000396729	1	GNPS-NIST14-MATCHES	Data from Rob Knight 	357.299	N/A	0	14	N/A	1	357.299	spectra/specs_ms.mgf	CCMSLIB00003136422	51162	UPDATE-SINGLE-ANNOTATED-BRONZE	Lipid
11571	M+H-H2O	2716532	1	Spectral Match to Monoelaidin from NIST14	Isolated	Data deposited by amelnik	0.0	spectra/specs_ms.mgf11571	N/A	N/A	HCD	Positive	ESI	339.289	lib-00028.mgf	Bronze	3	0.895293	1.43913	0.000488281	1	GNPS-NIST14-MATCHES	Data from Pieter Dorrestein	339.289	N/A	0	9	N/A	1	339.289	spectra/specs_ms.mgf	CCMSLIB00003138932	5107	UPDATE-SINGLE-ANNOTATED-BRONZE	 
11624	M+H	2716532	1	Spectral Match to Monoelaidin from NIST14	Isolated	Data deposited by amelnik	0.0	spectra/specs_ms.mgf11624	N/A	N/A	HCD	Positive	ESI	357.299	lib-00028.mgf	Bronze	3	0.853932	0.256236	9.15527e-05	1	GNPS-NIST14-MATCHES	Data from Rob Knight 	357.299	N/A	0	11	N/A	1	357.299	spectra/specs_ms.mgf	CCMSLIB00003136422	13918	UPDATE-SINGLE-ANNOTATED-BRONZE	Lipid
1167	M+H	111626	1	Spectral Match to Oleic acid ethyl ester from NIST14	Isolated	Data deposited by aaksenov	0.0	spectra/specs_ms.mgf1167	InChI=1S/C20H38O2/c1-3-5-6-7-8-9-10-11-12-13-14-15-16-17-18-19-20(21)22-4-2/h11-12H,3-10,13-19H2,1-2H3/b12-11-	N/A	qTof	Positive	LC-ESI	311.297	lib-00028.mgf	Bronze	3	0.902597	7.05842	0.00219727	1	GNPS-NIST14-MATCHES	Data from Karin	311.297	N/A	0	12	O=C(CCCCCCC/C=C\CCCCCCCC)OCC	1	311.295	spectra/specs_ms.mgf	CCMSLIB00003138730	22535	UPDATE-SINGLE-ANNOTATED-BRONZE	 
11678	M+H	89576294	1	Spectral Match to 1-(9Z-Octadecenoyl)-sn-glycero-3-phosphoethanolamine from NIST14	Isolated	Data deposited by amelnik	0.0	spectra/specs_ms.mgf11678	N/A	N/A	QqIT	Positive	ESI	480.308	lib-00028.mgf	Bronze	3	0.821946	0	0	1	GNPS-NIST14-MATCHES	Data from PDorrestein	480.308	N/A	0	11	N/A	1	480.308	spectra/specs_ms.mgf	CCMSLIB00003137869	7871	UPDATE-SINGLE-ANNOTATED-BRONZE	 
1177	M+H	n/a	1	NCGC00180733-02!(E)-9-(1,3-benzodioxol-5-yl)-1-piperidin-1-ylnon-8-en-1-one	isolated	lfnothias	343.215	spectra/specs_ms.mgf1177	InChI=1S/C21H29NO3/c23-21(22-14-8-5-9-15-22)11-7-4-2-1-3-6-10-18-12-13-19-20(16-18)25-17-24-19/h6,10,12-13,16H,1-5,7-9,11,14-15,17H2/b10-6+	N/A	Maxis II HD Q-TOF Bruker	positive	LC-ESI	344.222	lib-00001.mgf	Gold	1	0.799047	1.77313	0.000610352	1	GNPS-NIH-NATURALPRODUCTSLIBRARY_ROUND2_POSITIVE	Jadhav/Dorrestein	344.222	n/a	0	7	O=C(CCCCCC\C=C\C1=CC2=C(OCO2)C=C1)N3CCCCC3	1	344.223	spectra/specs_ms.mgf	CCMSLIB00000848139	19391	UPDATE-SINGLE-ANNOTATED-GOLD	 
1180	M+H	2420566	1	Spectral Match to Conjugated linoleic Acid (10E,12Z) from NIST14	Isolated	Data deposited by amelnik	0.0	spectra/specs_ms.mgf1180	N/A	N/A	HCD	Positive	ESI	281.247	lib-00028.mgf	Bronze	3	0.864546	2.06165	0.000579834	1	GNPS-NIST14-MATCHES	Data from Rob Knight 	281.247	N/A	0	10	N/A	1	281.248	spectra/specs_ms.mgf	CCMSLIB00003136151	2369	UPDATE-SINGLE-ANNOTATED-BRONZE	Lipid
1194	M+H	69747553	1	Spectral Match to 1-Stearoyl-2-hydroxy-sn-glycero-3-phosphoethanolamine from NIST14	Isolated	Data deposited by alchemistmatt	0.0	spectra/specs_ms.mgf1194	N/A	N/A	HCD	Positive	ESI	482.32	lib-00028.mgf	Bronze	3	0.83961	9.11124	0.00439453	1	GNPS-NIST14-MATCHES	Data from Charles Ansong	482.32	N/A	0	8	N/A	1	482.324	spectra/specs_ms.mgf	CCMSLIB00003140187	11611	UPDATE-SINGLE-ANNOTATED-BRONZE	 
1220	M+H	948310687	1	Spectral Match to 12(13)-Epoxy-9Z-octadecenoic acid from NIST14	Isolated	Data deposited by amelnik	0.0	spectra/specs_ms.mgf1220	N/A	N/A	HCD	Positive	ESI	297.242	lib-00028.mgf	Bronze	3	0.810646	1.64271	0.000488281	1	GNPS-NIST14-MATCHES	Data from Rob Knight 	297.242	N/A	0	11	N/A	1	297.242	spectra/specs_ms.mgf	CCMSLIB00003136863	10946	UPDATE-SINGLE-ANNOTATED-BRONZE	 
1269	M+H-H2O	434139	1	Spectral Match to Lithocholic acid from NIST14	Isolated	Data deposited by amelnik	0.0	spectra/specs_ms.mgf1269	N/A	N/A	HCD	Positive	ESI	359.294	lib-00028.mgf	Bronze	3	0.970125	1.10419	0.000396729	1	GNPS-NIST14-MATCHES	Data from Rob Knight 	359.294	N/A	0	16	N/A	1	359.294	spectra/specs_ms.mgf	CCMSLIB00003135684	19254	UPDATE-SINGLE-ANNOTATED-BRONZE	 
13	M+H	112845	1	Spectral Match to 13-Docosenamide, (Z)- from NIST14	Isolated	Data deposited by aaksenov	0.0	spectra/specs_ms.mgf13	N/A	N/A	HCD	Positive	ESI	338.341	lib-00028.mgf	Bronze	3	0.903981	2.61573	0.00088501	1	GNPS-NIST14-MATCHES	Data from P. Dorrestein R. Knight	338.341	N/A	0	15	N/A	1	338.342	spectra/specs_ms.mgf	CCMSLIB00003139543	52599	UPDATE-SINGLE-ANNOTATED-BRONZE	 
1354	M+H	 	1	N-Oleoylethanolamine	Commercial	lfnothias	0.0	spectra/specs_ms.mgf1354	 	 	qTof	Positive	LC-ESI	326.306	lib-00012.mgf	Bronze	3	0.758165	1.21582	0.000396729	1	GNPS-LIBRARY	Dorrestein	326.306	 	0	8	CCCCCCCC\C=C/CCCCCCCC(=O)NCCO	1	326.306	spectra/specs_ms.mgf	CCMSLIB00004684205	2610	UPDATE-SINGLE-ANNOTATED-BRONZE	 
138	M+H	117840	1	Spectral Match to Dioctyl phthalate from NIST14	Isolated	Data deposited by lfnothias	0.0	spectra/specs_ms.mgf138	N/A	N/A	QqQ	Positive	ESI	391.284	lib-00028.mgf	Bronze	3	0.944935	2.3398	0.000915527	1	GNPS-NIST14-MATCHES	Data from Pieter Dorrestein	391.284	N/A	0	6	N/A	1	391.285	spectra/specs_ms.mgf	CCMSLIB00003140109	227042	UPDATE-SINGLE-ANNOTATED-BRONZE	 
1388	M+H	6921615	1	Spectral Match to Urobilin from NIST14	Isolated	Data deposited by mjmeehan	0.0	spectra/specs_ms.mgf1388	N/A	N/A	HCD	Positive	ESI	591.317	lib-00028.mgf	Bronze	3	0.883683	1.03219	0.000610352	1	GNPS-NIST14-MATCHES	Data from Gabriel Haddad	591.317	N/A	0	17	N/A	1	591.318	spectra/specs_ms.mgf	CCMSLIB00003137178	367668	UPDATE-SINGLE-ANNOTATED-BRONZE	 
1395	M+H-H2O	N/A	1	Spectral Match to 9(10)-EpOME from NIST14	Isolated	Data deposited by mjmeehan	0.0	spectra/specs_ms.mgf1395	N/A	N/A	HCD	Positive	ESI	279.231	lib-00028.mgf	Bronze	3	0.832004	3.27875	0.000915527	1	GNPS-NIST14-MATCHES	Data from Gabriel Haddad	279.231	N/A	0	6	N/A	1	279.232	spectra/specs_ms.mgf	CCMSLIB00003134812	974	UPDATE-SINGLE-ANNOTATED-BRONZE	 
1407	M+H	5966289	1	Spectral Match to N-Oleoyl-4-sphingenine from NIST14	Isolated	Data deposited by amelnik	0.0	spectra/specs_ms.mgf1407	N/A	N/A	QqIT	Positive	ESI	564.539	lib-00028.mgf	Bronze	3	0.859637	6.91936	0.00390625	1	GNPS-NIST14-MATCHES	Data from PDorrestein	564.539	N/A	0	6	N/A	1	564.535	spectra/specs_ms.mgf	CCMSLIB00003136188	131180	UPDATE-SINGLE-ANNOTATED-BRONZE	 
1434	M+H	1246303-17-2	1	18:1(2S-OH) Ceramide	commercial	lfnothias	539.528	spectra/specs_ms.mgf1434	n/a	N/A	Maxis II HD Q-TOF Bruker	positive	LC-ESI	540.535	lib-00022.mgf	Gold	1	0.935811	0.338749	0.000183105	1	GNPS-COLLECTIONS-MISC	Dorrestein/Wu	540.535	n/a	0	10	n/a	1	540.535	spectra/specs_ms.mgf	CCMSLIB00001058191	10924	UPDATE-SINGLE-ANNOTATED-GOLD	 
1462	M+H	n/a	1	NCGC00247500-02!(2E,4E,12E)-13-(1,3-benzodioxol-5-yl)-N-(2-methylpropyl)trideca-2,4,12-trienamide	isolated	lfnothias	383.246	spectra/specs_ms.mgf1462	InChI=1S/C24H33NO3/c1-20(2)18-25-24(26)14-12-10-8-6-4-3-5-7-9-11-13-21-15-16-22-23(17-21)28-19-27-22/h8,10-17,20H,3-7,9,18-19H2,1-2H3,(H,25,26)/b10-8+,13-11+,14-12+	N/A	Maxis II HD Q-TOF Bruker	positive	LC-ESI	384.253	lib-00001.mgf	Gold	1	0.864774	1.35015	0.000518799	1	GNPS-NIH-NATURALPRODUCTSLIBRARY_ROUND2_POSITIVE	Jadhav/Dorrestein	384.253	n/a	0	13	CC(C)CNC(=O)\C=C\C=C\CCCCCC\C=C\C1=CC2=C(OCO2)C=C1	1	384.254	spectra/specs_ms.mgf	CCMSLIB00000848948	97389	UPDATE-SINGLE-ANNOTATED-GOLD	 
1537	M+H	6921615	1	Spectral Match to Urobilin from NIST14	Isolated	Data deposited by mjmeehan	0.0	spectra/specs_ms.mgf1537	N/A	N/A	HCD	Positive	ESI	591.317	lib-00028.mgf	Bronze	3	0.883683	1.03219	0.000610352	1	GNPS-NIST14-MATCHES	Data from Gabriel Haddad	591.317	N/A	0	17	N/A	1	591.318	spectra/specs_ms.mgf	CCMSLIB00003137178	367668	UPDATE-SINGLE-ANNOTATED-BRONZE	 
1548	M+H	 	1	putative - Cer(d19:0/17:0 2-OH) 	Crude	Thomas Hoffmann	0.0	spectra/specs_ms.mgf1548	 	 	qTof	Positive	LC-ESI	584.561	lib-00012.mgf	Bronze	3	0.880273	1.25294	0.000732422	1	GNPS-LIBRARY	Dorrestein	584.561	 	0	9	 	1	584.562	spectra/specs_ms.mgf	CCMSLIB00000478655	40278	UPDATE-SINGLE-ANNOTATED-BRONZE	 
1550	M+H-H2O	N/A	1	Spectral Match to 9(10)-EpOME from NIST14	Isolated	Data deposited by mjmeehan	0.0	spectra/specs_ms.mgf1550	N/A	N/A	HCD	Positive	ESI	279.231	lib-00028.mgf	Bronze	3	0.799955	3.60662	0.00100708	1	GNPS-NIST14-MATCHES	Data from Gabriel Haddad	279.231	N/A	0	9	N/A	1	279.232	spectra/specs_ms.mgf	CCMSLIB00003134812	19716	UPDATE-SINGLE-ANNOTATED-BRONZE	 
1581	M-H2O+H	n/a	1	NCGC00385642-01!1,4-dihydroxyheptadec-16-en-2-yl acetate	isolated	lfnothias	328.261	spectra/specs_ms.mgf1581	InChI=1S/C19H36O4/c1-3-4-5-6-7-8-9-10-11-12-13-14-18(22)15-19(16-20)23-17(2)21/h3,18-20,22H,1,4-16H2,2H3	N/A	Maxis II HD Q-TOF Bruker	positive	LC-ESI	311.257	lib-00001.mgf	Gold	1	0.773002	3.52966	0.00109863	1	GNPS-NIH-NATURALPRODUCTSLIBRARY_ROUND2_POSITIVE	Jadhav/Dorrestein	311.257	n/a	0	8	CC(=O)OC(CO)CC(O)CCCCCCCCCCCC=C	1	311.258	spectra/specs_ms.mgf	CCMSLIB00000845027	29074	UPDATE-SINGLE-ANNOTATED-GOLD	 
1589	M+H	n/a	1	NCGC00095546-02!2,4-dihydroxyheptadec-16-enyl acetate	isolated	lfnothias	328.261	spectra/specs_ms.mgf1589	InChI=1S/C19H36O4/c1-3-4-5-6-7-8-9-10-11-12-13-14-18(21)15-19(22)16-23-17(2)20/h3,18-19,21-22H,1,4-16H2,2H3	N/A	Maxis II HD Q-TOF Bruker	positive	LC-ESI	329.268	lib-00001.mgf	Gold	1	0.800498	3.33659	0.00109863	1	GNPS-NIH-NATURALPRODUCTSLIBRARY_ROUND2_POSITIVE	Jadhav/Dorrestein	329.268	n/a	0	8	CC(=O)OCC(O)CC(O)CCCCCCCCCCCC=C	1	329.269	spectra/specs_ms.mgf	CCMSLIB00000848385	35678	UPDATE-SINGLE-ANNOTATED-GOLD	 
1593	[M+H]+	N/A	1	Avocadyne Acetate	isolated	MoNA:VF-NPL-QEHF011407	0.0	spectra/specs_ms.mgf1593	InChI=1S/C19H34O4/c1-3-4-5-6-7-8-9-10-11-12-13-14-18(21)15-19(22)16-23-17(2)20/h1,18-19,21-22H,4-16H2,2H3	N/A	ESI-QFT	positive	N/A	327.253	lib-00026.mgf	Bronze	3	0.769495	1.2123	0.000396729	1	MONA	MoNA	327.253	N/A	0	7	N/A	1	327.253	spectra/specs_ms.mgf	CCMSLIB00004702470	15678	UPDATE-SINGLE-ANNOTATED-BRONZE	 
1594	[M+H]	"120202-66-6, 113665-84-2 (free base)"	1	Clopidogrel (Plavix)	Commercial	Garg_Neha	321.059	spectra/specs_ms.mgf1594	N/A	N/A	qTof	Positive	LC-ESI	322.066	lib-00017.mgf	Gold	1	0.95389	0.284267	9.15527e-05	1	GNPS-SELLECKCHEM-FDA-PART2	Dorrestein	322.066	N/A	0	9	C1(=CC=CC(=C1Cl)[C@H](N2CCC3=C(C2)C=CS3)C(=O)OC).OS(O)(=O)=O	1	322.066	spectra/specs_ms.mgf	CCMSLIB00000078139	23343	UPDATE-SINGLE-ANNOTATED-GOLD	 
1598	M+H	n/a	1	NCGC00381425-01!8-hydroxy-8-(3-octyloxiran-2-yl)octanoic acid	isolated	lfnothias	314.246	spectra/specs_ms.mgf1598	InChI=1S/C18H34O4/c1-2-3-4-5-6-10-13-16-18(22-16)15(19)12-9-7-8-11-14-17(20)21/h15-16,18-19H,2-14H2,1H3,(H,20,21)	N/A	Maxis II HD Q-TOF Bruker	positive	LC-ESI	315.253	lib-00001.mgf	Gold	1	0.770024	116.455	0.0367126	1	GNPS-NIH-NATURALPRODUCTSLIBRARY_ROUND2_POSITIVE	Jadhav/Dorrestein	315.253	n/a	0	9	CCCCCCCCC1OC1C(O)CCCCCCC(O)=O	1	315.29	spectra/specs_ms.mgf	CCMSLIB00000846581	6734	UPDATE-SINGLE-ANNOTATED-GOLD	 
1606	M+H	503060	1	Spectral Match to Phytomonic acid from NIST14	Isolated	Data deposited by daniel	0.0	spectra/specs_ms.mgf1606	N/A	N/A	HCD	Positive	ESI	297.278	lib-00028.mgf	Bronze	3	0.731492	3.28501	0.000976562	1	GNPS-NIST14-MATCHES	Data from PC Dorrestein	297.278	N/A	0	7	N/A	1	297.279	spectra/specs_ms.mgf	CCMSLIB00003134803	1846	UPDATE-SINGLE-ANNOTATED-BRONZE	 
1615	M+H-H2O	2716532	1	Spectral Match to Monoelaidin from NIST14	Isolated	Data deposited by amelnik	0.0	spectra/specs_ms.mgf1615	N/A	N/A	HCD	Positive	ESI	339.289	lib-00028.mgf	Bronze	3	0.781962	2.60842	0.00088501	1	GNPS-NIST14-MATCHES	Data from Pieter Dorrestein	339.289	N/A	0	7	N/A	1	339.29	spectra/specs_ms.mgf	CCMSLIB00003138932	5857	UPDATE-SINGLE-ANNOTATED-BRONZE	 
1620	M+H	2420566	1	Spectral Match to Conjugated linoleic Acid (10E,12Z) from NIST14	Isolated	Data deposited by fevargas	0.0	spectra/specs_ms.mgf1620	N/A	N/A	HCD	Positive	ESI	281.248	lib-00028.mgf	Bronze	3	0.706122	127.714	0.0359192	1	GNPS-NIST14-MATCHES	Data from Suryasarathi Dasgupta	281.248	N/A	0	6	N/A	1	281.284	spectra/specs_ms.mgf	CCMSLIB00003138495	2157	UPDATE-SINGLE-ANNOTATED-BRONZE	 
1622	M+H	2716532	1	Spectral Match to Monoelaidin from NIST14	Isolated	Data deposited by negarg	0.0	spectra/specs_ms.mgf1622	N/A	N/A	HCD	Positive	ESI	357.3	lib-00028.mgf	Bronze	3	0.727293	0.768705	0.000274658	1	GNPS-NIST14-MATCHES	Data from Pieter C Dorrestein	357.3	N/A	0	9	N/A	1	357.3	spectra/specs_ms.mgf	CCMSLIB00003138917	10312	UPDATE-SINGLE-ANNOTATED-BRONZE	 
1703	M+H-H2O	2716532	1	Spectral Match to Monoelaidin from NIST14	Isolated	Data deposited by amelnik	0.0	spectra/specs_ms.mgf1703	N/A	N/A	HCD	Positive	ESI	339.289	lib-00028.mgf	Bronze	3	0.778721	1.16929	0.000396729	1	GNPS-NIST14-MATCHES	Data from Pieter Dorrestein	339.289	N/A	0	7	N/A	1	339.289	spectra/specs_ms.mgf	CCMSLIB00003138932	4189	UPDATE-SINGLE-ANNOTATED-BRONZE	 
1809	M+H	603-17-8	1	Pheophytin A	Crude	Don D. Nguyen	870.566	spectra/specs_ms.mgf1809	 	 	qTof	Positive	LC-ESI	871.593	lib-00012.mgf	Bronze	3	0.942781	22.4787	0.0195923	1	GNPS-LIBRARY	Pieter C. Dorrestein	871.593	 	0	13	 	1	871.573	spectra/specs_ms.mgf	CCMSLIB00000471426	298872	UPDATE-SINGLE-ANNOTATED-BRONZE	 
1961	M+H	123060402	1	Spectral Match to 1-Myristoyl-2-hydroxy-sn-glycero-3-phosphoethanolamine from NIST14	Isolated	Data deposited by lfnothias	0.0	spectra/specs_ms.mgf1961	N/A	N/A	HCD	Positive	ESI	426.253	lib-00028.mgf	Bronze	3	0.73436	19.0443	0.00811768	1	GNPS-NIST14-MATCHES	Data from Pieter Dorrestein	426.253	N/A	0	9	N/A	1	426.261	spectra/specs_ms.mgf	CCMSLIB00003138156	12807	UPDATE-SINGLE-ANNOTATED-BRONZE	 
1977	M+H	603-17-8	1	Pheophytin A	Crude	Don D. Nguyen	870.566	spectra/specs_ms.mgf1977	 	 	qTof	Positive	LC-ESI	871.593	lib-00012.mgf	Bronze	3	0.976489	18.4872	0.0161133	1	GNPS-LIBRARY	Pieter C. Dorrestein	871.593	 	0	14	 	1	871.577	spectra/specs_ms.mgf	CCMSLIB00000471426	398992	UPDATE-SINGLE-ANNOTATED-BRONZE	 
2008	M+H	54739309	1	Spectral Match to 13-Keto-9Z,11E-octadecadienoic acid from NIST14	Isolated	Data deposited by amelnik	0.0	spectra/specs_ms.mgf2008	N/A	N/A	IT-FT/ion trap with FTMS	Positive	ESI	295.227	lib-00028.mgf	Bronze	3	0.804073	0.31011	9.15527e-05	1	GNPS-NIST14-MATCHES	Data from PDorrestein	295.227	N/A	0	9	N/A	1	295.227	spectra/specs_ms.mgf	CCMSLIB00003139918	4458	UPDATE-SINGLE-ANNOTATED-BRONZE	 
2012	M+H	n/a	1	1-desoxymethylsphinganine	commercial	lfnothias	301.298	spectra/specs_ms.mgf2012	n/a	N/A	Maxis II HD Q-TOF Bruker	positive	LC-ESI	302.305	lib-00022.mgf	Gold	1	0.931589	0.706647	0.000213623	1	GNPS-COLLECTIONS-MISC	Dorrestein/Wu	302.305	n/a	0	9	CCCCCCCCCCCCCCC[C@H](CN)O	1	302.305	spectra/specs_ms.mgf	CCMSLIB00001058181	14612	UPDATE-SINGLE-ANNOTATED-GOLD	 
2044	M+H	17364168	1	Spectral Match to Lyso-PC(16:0) from NIST14	Isolated	Data deposited by fevargas	0.0	spectra/specs_ms.mgf2044	N/A	N/A	Q-TOF	Positive	ESI	496.339	lib-00028.mgf	Bronze	3	0.940943	1.22971	0.000610352	1	GNPS-NIST14-MATCHES	Data from Julia Gauglitz	496.339	N/A	0	11	N/A	1	496.34	spectra/specs_ms.mgf	CCMSLIB00003140032	47098	UPDATE-SINGLE-ANNOTATED-BRONZE	 
2169	M+H	603-17-8	1	Pheophytin A	Crude	Don D. Nguyen	870.566	spectra/specs_ms.mgf2169	 	 	qTof	Positive	LC-ESI	871.593	lib-00012.mgf	Bronze	3	0.951096	22.2686	0.0194092	1	GNPS-LIBRARY	Pieter C. Dorrestein	871.593	 	0	13	 	1	871.574	spectra/specs_ms.mgf	CCMSLIB00000471426	146704	UPDATE-SINGLE-ANNOTATED-BRONZE	 
2170	M+H	603-17-8	1	Pheophytin A	Crude	Don D. Nguyen	870.566	spectra/specs_ms.mgf2170	 	 	qTof	Positive	LC-ESI	871.593	lib-00012.mgf	Bronze	3	0.972499	23.179	0.0202026	1	GNPS-LIBRARY	Pieter C. Dorrestein	871.593	 	0	14	 	1	871.573	spectra/specs_ms.mgf	CCMSLIB00000471426	154013	UPDATE-SINGLE-ANNOTATED-BRONZE	 
219	M+NH4	108437-64-5	1	Eicosanoids_12-oxoETE_C20H30O3	Commercial	lfnothias	318.22	spectra/specs_ms.mgf219	InChI=1S/C20H30O3/c1-2-3-4-5-10-13-16-19(21)17-14-11-8-6-7-9-12-15-18-20(22)23/h7-11,13-14,17H,2-6,12,15-16,18H2,1H3,(H,22,23)/b9-7-,11-8-,13-10-,17-14+	N/A	qTof	Positive	LC-ESI	336.253	lib-00022.mgf	Gold	1	0.949255	1.81516	0.000610352	1	GNPS-COLLECTIONS-MISC	Dorrestein/Wu	336.253	n/a	0	7	CCCCCC=CCC(=O)C=CC=CCC=CCCCC(=O)O	1	336.254	spectra/specs_ms.mgf	CCMSLIB00001058280	19918	UPDATE-SINGLE-ANNOTATED-GOLD	 
2337	2M+H	83443	1	Spectral Match to Deoxycholic acid from NIST14	Isolated	Data deposited by aaksenov	0.0	spectra/specs_ms.mgf2337	N/A	N/A	Q-TOF	Positive	ESI	785.593	lib-00028.mgf	Bronze	3	0.936008	1.94233	0.00152588	1	GNPS-NIST14-MATCHES	Data from Karin	785.593	N/A	0	21	N/A	1	785.591	spectra/specs_ms.mgf	CCMSLIB00003135382	541589	UPDATE-SINGLE-ANNOTATED-BRONZE	 
24	[M+H]	N/A	1	OLMESARTAN MEDOXOMIL	Commercial	Garg_Neha	446.207	spectra/specs_ms.mgf24	N/A	N/A	qTof	Positive	LC-ESI	447.214	lib-00004.mgf	Gold	1	0.767253	3.13901	0.00140381	1	GNPS-NIH-CLINICALCOLLECTION1	Dorrestein	447.214	N/A	0	8	CCCc1nc(c(C(=O)O)n1Cc2ccc(cc2)c3ccccc3c4nn[nH]n4)C(C)(C)O	1	447.215	spectra/specs_ms.mgf	CCMSLIB00000079017	98008	UPDATE-SINGLE-ANNOTATED-GOLD	 
2404	M+H-H2O	2716532	1	Spectral Match to Monoelaidin from NIST14	Isolated	Data deposited by amelnik	0.0	spectra/specs_ms.mgf2404	N/A	N/A	HCD	Positive	ESI	339.289	lib-00028.mgf	Bronze	3	0.781962	1.79891	0.000610352	1	GNPS-NIST14-MATCHES	Data from Pieter Dorrestein	339.289	N/A	0	7	N/A	1	339.29	spectra/specs_ms.mgf	CCMSLIB00003138932	5857	UPDATE-SINGLE-ANNOTATED-BRONZE	 
2637	M+H-H2O	10030736	1	Spectral Match to Palmitelaidic acid from NIST14	Isolated	Data deposited by negarg	0.0	spectra/specs_ms.mgf2637	N/A	N/A	HCD	Positive	ESI	237.221	lib-00028.mgf	Bronze	3	0.711775	2.57292	0.000610352	1	GNPS-NIST14-MATCHES	Data from Pieter C Dorrestein	237.221	N/A	0	6	N/A	1	237.222	spectra/specs_ms.mgf	CCMSLIB00003138235	1775	UPDATE-SINGLE-ANNOTATED-BRONZE	 
2646	M+H	930121	1	Spectral Match to Decaethylene glycol tridecyl ether from NIST14	Isolated	Data deposited by aaksenov	0.0	spectra/specs_ms.mgf2646	N/A	N/A	QqQ	Positive	ESI	641.485	lib-00028.mgf	Bronze	3	0.946121	4.66219	0.00299072	1	GNPS-NIST14-MATCHES	Data from P. Dorrestein R. Knight	641.485	N/A	0	22	N/A	1	641.482	spectra/specs_ms.mgf	CCMSLIB00003135890	27519	UPDATE-SINGLE-ANNOTATED-BRONZE	 
2684	M+H	2420566	1	Spectral Match to Conjugated linoleic Acid (10E,12Z) from NIST14	Isolated	Data deposited by amelnik	0.0	spectra/specs_ms.mgf2684	N/A	N/A	HCD	Positive	ESI	281.247	lib-00028.mgf	Bronze	3	0.812346	1.73613	0.000488281	1	GNPS-NIST14-MATCHES	Data from Rob Knight 	281.247	N/A	0	9	N/A	1	281.247	spectra/specs_ms.mgf	CCMSLIB00003136151	3488	UPDATE-SINGLE-ANNOTATED-BRONZE	Lipid
2847	M+H	 15664-29-6	1	Pheophorbide A	Commercial	Jimmy Yi Zeng	592.268	spectra/specs_ms.mgf2847	 	 	qTof	Positive	LC-ESI	593.269	lib-00012.mgf	Bronze	3	0.742284	13.1686	0.0078125	1	GNPS-LIBRARY	Pieter Dorrestein	593.269	 5323510	0	8	 CCC1=C2C=C3C(=C4C(=O)C(C(=C5C(C(C(=N5)C=C6C(=C(C(=CC(=C1C)N2)N6)C=C)C)C)CCC(=O)O)C4=N3)C(=O)OC)C	1	593.277	spectra/specs_ms.mgf	CCMSLIB00000076748	15741	UPDATE-SINGLE-ANNOTATED-BRONZE	 
2911	M+H	123784	1	Spectral Match to D-erythro-C18-Sphingosine from NIST14	Isolated	Data deposited by negarg	0.0	spectra/specs_ms.mgf2911	N/A	N/A	QqQ	Positive	ESI	300.287	lib-00028.mgf	Bronze	3	0.968755	7.72373	0.00231934	1	GNPS-NIST14-MATCHES	Data from Pieter C. Dorrestein	300.287	N/A	0	6	N/A	1	300.289	spectra/specs_ms.mgf	CCMSLIB00003135575	43932	UPDATE-SINGLE-ANNOTATED-BRONZE	 
2920	M+H-2H2O	81254	1	Spectral Match to Cholic acid from NIST14	Isolated	Data deposited by amelnik	0.0	spectra/specs_ms.mgf2920	N/A	N/A	QqQ	Positive	ESI	373.273	lib-00028.mgf	Bronze	3	0.818719	1.06284	0.000396729	1	GNPS-NIST14-MATCHES	Data from Rob Knight 	373.273	N/A	0	16	N/A	1	373.273	spectra/specs_ms.mgf	CCMSLIB00003137520	58067	UPDATE-SINGLE-ANNOTATED-BRONZE	 
2927	M+H	20590323	1	Spectral Match to cis-5,8,11-Eicosatrienoic acid from NIST14	Isolated	Data deposited by pmallard	0.0	spectra/specs_ms.mgf2927	N/A	N/A	HCD	Positive	ESI	307.262	lib-00028.mgf	Bronze	3	0.768584	5.26401	0.00161743	1	GNPS-NIST14-MATCHES	Data from Wolfender/Litaudon	307.262	N/A	0	6	N/A	1	307.264	spectra/specs_ms.mgf	CCMSLIB00003139970	2741	UPDATE-SINGLE-ANNOTATED-BRONZE	 
2938	M+H	544354	1	Spectral Match to Linoleic acid ethyl ester from NIST14	Isolated	Data deposited by rsilva	0.0	spectra/specs_ms.mgf2938	InChI=1S/C20H36O2/c1-3-5-6-7-8-9-10-11-12-13-14-15-16-17-18-19-20(21)22-4-2/h8-9,11-12H,3-7,10,13-19H2,1-2H3/b9-8+,12-11+	N/A	qTof	Positive	LC-ESI	309.278	lib-00028.mgf	Bronze	3	0.850383	4.44031	0.00137329	1	GNPS-NIST14-MATCHES	Data from Rob Knight	309.278	N/A	0	9	CCCCC/C=C/C/C=C/CCCCCCCC(OCC)=O	1	309.279	spectra/specs_ms.mgf	CCMSLIB00003139267	4112	UPDATE-SINGLE-ANNOTATED-BRONZE	 
3208	M+H	N/A	1	Spectral Match to Undecaethylene glycol tridecyl ether from NIST14	Isolated	Data deposited by abouslimani	0.0	spectra/specs_ms.mgf3208	N/A	N/A	QqQ	Positive	ESI	685.514	lib-00028.mgf	Bronze	3	0.82694	7.30092	0.00500488	1	GNPS-NIST14-MATCHES	Data from Maria Gloria Dominguez-Bello and Pieter Dorrestein	685.514	N/A	0	16	N/A	1	685.509	spectra/specs_ms.mgf	CCMSLIB00003137912	22299	UPDATE-SINGLE-ANNOTATED-BRONZE	 
3217	M+H	111626	1	Spectral Match to Oleic acid ethyl ester from NIST14	Isolated	Data deposited by rsilva	0.0	spectra/specs_ms.mgf3217	N/A	N/A	HCD	Positive	ESI	311.29	lib-00028.mgf	Bronze	3	0.938912	16.372	0.00509644	1	GNPS-NIST14-MATCHES	Data from Rob Knight	311.29	N/A	0	11	N/A	1	311.295	spectra/specs_ms.mgf	CCMSLIB00003136619	12938	UPDATE-SINGLE-ANNOTATED-BRONZE	 
3251	M+H-H2O	566881	1	Spectral Match to Cholestan-3-one, (5.alpha.)- from NIST14	Isolated	Data deposited by mjmeehan	0.0	spectra/specs_ms.mgf3251	N/A	N/A	QqQ	Positive	ESI	369.351	lib-00028.mgf	Bronze	3	0.853039	40.3209	0.0148926	1	GNPS-NIST14-MATCHES	Data from Gabriel Haddad	369.351	N/A	0	11	N/A	1	369.366	spectra/specs_ms.mgf	CCMSLIB00003138970	8949	UPDATE-SINGLE-ANNOTATED-BRONZE	 
3286	M+H	603-17-8	1	Pheophytin A	Crude	Don D. Nguyen	870.566	spectra/specs_ms.mgf3286	 	 	qTof	Positive	LC-ESI	871.593	lib-00012.mgf	Bronze	3	0.898906	21.7084	0.0189209	1	GNPS-LIBRARY	Pieter C. Dorrestein	871.593	 	0	12	 	1	871.574	spectra/specs_ms.mgf	CCMSLIB00000471426	22264	UPDATE-SINGLE-ANNOTATED-BRONZE	 
3307	M+H	103231	1	Spectral Match to Hexanedioic acid, bis(2-ethylhexyl) ester from NIST14	Isolated	Data deposited by amelnik	0.0	spectra/specs_ms.mgf3307	N/A	N/A	HCD	Positive	ESI	371.315	lib-00028.mgf	Bronze	3	0.955588	5.34221	0.00198364	1	GNPS-NIST14-MATCHES	Data from PDorrestein	371.315	N/A	0	7	N/A	1	371.317	spectra/specs_ms.mgf	CCMSLIB00003137994	201234	UPDATE-SINGLE-ANNOTATED-BRONZE	 
3312	M+H	63-91-2	0	L-PHENYLALANINE	Commercial standard	Prasad	165.079	spectra/specs_ms.mgf3312	N/A	N/A	Q-Exactive Plus	Positive	LC-ESI	166.09	lib-00014.mgf	Gold	1	0.978522	20.4871	0.00340271	1	GNPS-EMBL-MCF	Alexandrov Theodore	166.09	6140	0	6	c1(C[C@@H](C(=O)O)N)ccccc1	1	166.087	spectra/specs_ms.mgf	CCMSLIB00000577901	11324	UPDATE-SINGLE-ANNOTATED-GOLD	 
3350	M+H	5579668	1	Spectral Match to Decaethylene glycol from NIST14	Isolated	Data deposited by amelnik	0.0	spectra/specs_ms.mgf3350	N/A	N/A	QqQ	Positive	ESI	459.28	lib-00028.mgf	Bronze	3	0.958519	3.92035	0.00180054	1	GNPS-NIST14-MATCHES	Data from Rob Knight 	459.28	N/A	0	15	N/A	1	459.282	spectra/specs_ms.mgf	CCMSLIB00003136855	35757	UPDATE-SINGLE-ANNOTATED-BRONZE	 
3354	M+H	3386183	1	Spectral Match to Nonaethylene glycol from NIST14	Isolated	Data deposited by eriche	0.0	spectra/specs_ms.mgf3354	N/A	N/A	QqQ	Positive	ESI	415.25	lib-00028.mgf	Bronze	3	0.951896	12.0527	0.00500488	1	GNPS-NIST14-MATCHES	Data from Piel	415.25	N/A	0	9	N/A	1	415.255	spectra/specs_ms.mgf	CCMSLIB00003136412	10437	UPDATE-SINGLE-ANNOTATED-BRONZE	 
3362	M+H	6809707	1	Spectral Match to Undecaethylene glycol from NIST14	Isolated	Data deposited by amelnik	0.0	spectra/specs_ms.mgf3362	N/A	N/A	QqQ	Positive	ESI	503.306	lib-00028.mgf	Bronze	3	0.944932	3.75932	0.00189209	1	GNPS-NIST14-MATCHES	Data from Rob Knight 	503.306	N/A	0	11	N/A	1	503.308	spectra/specs_ms.mgf	CCMSLIB00003136774	29028	UPDATE-SINGLE-ANNOTATED-BRONZE	 
3444	M+H-NH3	301020	1	Spectral Match to 9-Octadecenamide, (Z)- from NIST14	Isolated	Data deposited by amelnik	0.0	spectra/specs_ms.mgf3444	N/A	N/A	IT-FT/ion trap with FTMS	Positive	ESI	265.252	lib-00028.mgf	Bronze	3	0.790168	2.53113	0.000671387	1	GNPS-NIST14-MATCHES	Data from Rob Knight 	265.252	N/A	0	8	N/A	1	265.253	spectra/specs_ms.mgf	CCMSLIB00003134686	6905	UPDATE-SINGLE-ANNOTATED-BRONZE	 
3459	M+H	53862354	1	Spectral Match to 1-Palmitoyl-2-hydroxy-sn-glycero-3-phosphoethanolamine from NIST14	Isolated	Data deposited by alchemistmatt	0.0	spectra/specs_ms.mgf3459	N/A	N/A	HCD	Positive	ESI	454.291	lib-00028.mgf	Bronze	3	0.883798	5.77716	0.00262451	1	GNPS-NIST14-MATCHES	Data from Katrina Waters;Yoshihiro Kawaoka;Michael Diamond;Richard Smith;Thomas Metz	454.291	N/A	0	11	N/A	1	454.294	spectra/specs_ms.mgf	CCMSLIB00003134881	33122	UPDATE-SINGLE-ANNOTATED-BRONZE	 
3472	M+H	5130290	1	Spectral Match to 12-Ketodeoxycholic acid from NIST14	Isolated	Data deposited by fevargas	0.0	spectra/specs_ms.mgf3472	N/A	N/A	qTof	Positive	LC-ESI	391.284	lib-00028.mgf	Bronze	3	0.841308	0	0	1	GNPS-NIST14-MATCHES	Data from Joshua Wollam	391.284	N/A	0	16	CC(CCC(=O)O)C1CCC2C1(C(=O)CC3C2CCC4C3(CCC(C4)O)C)C	1	391.284	spectra/specs_ms.mgf	CCMSLIB00003135123	117365	UPDATE-SINGLE-ANNOTATED-BRONZE	 
3543	M+H	3443821	1	Spectral Match to 2-Linoleoylglycerol from NIST14	Isolated	Data deposited by tal_lk	0.0	spectra/specs_ms.mgf3543	N/A	N/A	IT/ion trap	Positive	ESI	355.286	lib-00028.mgf	Bronze	3	0.831423	4.55248	0.00161743	1	GNPS-NIST14-MATCHES	Data from Cichewicz	355.286	N/A	0	11	N/A	1	355.284	spectra/specs_ms.mgf	CCMSLIB00003136187	7086	UPDATE-SINGLE-ANNOTATED-BRONZE	 
3564	M+H-H2O	83498	1	Spectral Match to Hyodeoxycholic acid from NIST14	Isolated	Data deposited by amelnik	0.0	spectra/specs_ms.mgf3564	N/A	N/A	HCD	Positive	ESI	375.289	lib-00028.mgf	Bronze	3	0.772418	0	0	1	GNPS-NIST14-MATCHES	Data from Rob Knight 	375.289	N/A	0	10	N/A	1	375.289	spectra/specs_ms.mgf	CCMSLIB00003139161	7172	UPDATE-SINGLE-ANNOTATED-BRONZE	 
3575	M+H	N/A	1	Ursodiol	Isolated	Ed Esquenazi 	0.0	spectra/specs_ms.mgf3575	N/A	N/A	qTof	Positive	LC-ESI	749.571	lib-00007.mgf	Bronze	3	0.755817	2.03567	0.00152588	1	GNPS-SELLECKCHEM-FDA-PART1	Sirenas	749.571	N/A	0	7	N/A	1	749.573	spectra/specs_ms.mgf	CCMSLIB00000005524	242137	UPDATE-SINGLE-ANNOTATED-BRONZE	 
3585	M+H-H2O	5255174	1	Spectral Match to 3.beta.-Hydroxy-5-cholenoic acid from NIST14	Isolated	Data deposited by fevargas	0.0	spectra/specs_ms.mgf3585	N/A	N/A	HCD	Positive	ESI	357.278	lib-00028.mgf	Bronze	3	0.712467	1.62292	0.000579834	1	GNPS-NIST14-MATCHES	Data from Joshua Wollam	357.278	N/A	0	10	N/A	1	357.279	spectra/specs_ms.mgf	CCMSLIB00003137867	2786	UPDATE-SINGLE-ANNOTATED-BRONZE	 
3600	M+H-H2O	566881	1	Spectral Match to Cholestan-3-one, (5.alpha.)- from NIST14	Isolated	Data deposited by mjmeehan	0.0	spectra/specs_ms.mgf3600	N/A	N/A	QqQ	Positive	ESI	369.351	lib-00028.mgf	Bronze	3	0.786077	2.644	0.000976562	1	GNPS-NIST14-MATCHES	Data from Gabriel Haddad	369.351	N/A	0	8	N/A	1	369.352	spectra/specs_ms.mgf	CCMSLIB00003138970	2244	UPDATE-SINGLE-ANNOTATED-BRONZE	 
3609	M+H	N/A	1	Spectral Match to Undecaethylene glycol tridecyl ether from NIST14	Isolated	Data deposited by abouslimani	0.0	spectra/specs_ms.mgf3609	N/A	N/A	QqQ	Positive	ESI	685.511	lib-00028.mgf	Bronze	3	0.791589	1.86976	0.00128174	1	GNPS-NIST14-MATCHES	Data from Maria Gloria Dominguez-Bello and Pieter Dorrestein	685.511	N/A	0	16	N/A	1	685.51	spectra/specs_ms.mgf	CCMSLIB00003139479	14142	UPDATE-SINGLE-ANNOTATED-BRONZE	 
364	M+H	103231	1	Spectral Match to Hexanedioic acid, bis(2-ethylhexyl) ester from NIST14	Isolated	Data deposited by amelnik	0.0	spectra/specs_ms.mgf364	N/A	N/A	HCD	Positive	ESI	371.315	lib-00028.mgf	Bronze	3	0.973061	2.95876	0.00109863	1	GNPS-NIST14-MATCHES	Data from PDorrestein	371.315	N/A	0	7	N/A	1	371.316	spectra/specs_ms.mgf	CCMSLIB00003137994	111491	UPDATE-SINGLE-ANNOTATED-BRONZE	 
373	M+H	105997	1	Spectral Match to Dibutyl adipate from NIST14	Isolated	Data deposited by daniel	0.0	spectra/specs_ms.mgf373	N/A	N/A	HCD	Positive	ESI	259.19	lib-00028.mgf	Bronze	3	0.950575	4.23872	0.00109863	1	GNPS-NIST14-MATCHES	Data from Pieter Dorrestein	259.19	N/A	0	6	N/A	1	259.191	spectra/specs_ms.mgf	CCMSLIB00003138720	5672	UPDATE-SINGLE-ANNOTATED-BRONZE	 
3735	M+H-H2O	434139	1	Spectral Match to Lithocholic acid from NIST14	Isolated	Data deposited by amelnik	0.0	spectra/specs_ms.mgf3735	N/A	N/A	HCD	Positive	ESI	359.294	lib-00028.mgf	Bronze	3	0.860201	4.50169	0.00161743	1	GNPS-NIST14-MATCHES	Data from Rob Knight 	359.294	N/A	0	12	N/A	1	359.292	spectra/specs_ms.mgf	CCMSLIB00003135684	5589	UPDATE-SINGLE-ANNOTATED-BRONZE	 
3824	M+H	 	1	putative - Cer(d19:0/17:0 2-OH) 	Crude	Thomas Hoffmann	0.0	spectra/specs_ms.mgf3824	 	 	qTof	Positive	LC-ESI	584.561	lib-00012.mgf	Bronze	3	0.927177	0.417648	0.000244141	1	GNPS-LIBRARY	Dorrestein	584.561	 	0	9	 	1	584.561	spectra/specs_ms.mgf	CCMSLIB00000478655	66500	UPDATE-SINGLE-ANNOTATED-BRONZE	 
3901	256.3	629549	1	Spectral Match to Palmitamide from NIST14	Isolated	Data deposited by mjmeehan	0.0	spectra/specs_ms.mgf3901	N/A	N/A	IT/ion trap	Positive	ESI	256.3	lib-00028.mgf	Bronze	3	0.840077	140.86	0.0361023	1	GNPS-NIST14-MATCHES	Data from Jessica Metcalf	256.3	N/A	0	6	N/A	1	256.264	spectra/specs_ms.mgf	CCMSLIB00003137708	4301	UPDATE-SINGLE-ANNOTATED-BRONZE	 
3961	M+H-H2O	5255174	1	Spectral Match to 3.beta.-Hydroxy-5-cholenoic acid from NIST14	Isolated	Data deposited by fevargas	0.0	spectra/specs_ms.mgf3961	N/A	N/A	HCD	Positive	ESI	357.278	lib-00028.mgf	Bronze	3	0.707196	1.87917	0.000671387	1	GNPS-NIST14-MATCHES	Data from Joshua Wollam	357.278	N/A	0	6	N/A	1	357.279	spectra/specs_ms.mgf	CCMSLIB00003137867	988	UPDATE-SINGLE-ANNOTATED-BRONZE	 
3991	M+H-H2O	5130290	1	Spectral Match to 12-Ketodeoxycholic acid from NIST14	Isolated	Data deposited by amelnik	0.0	spectra/specs_ms.mgf3991	N/A	N/A	HCD	Positive	ESI	373.274	lib-00028.mgf	Bronze	3	0.797666	1.06283	0.000396729	1	GNPS-NIST14-MATCHES	Data from Rob Knight 	373.274	N/A	0	11	N/A	1	373.274	spectra/specs_ms.mgf	CCMSLIB00003135727	18470	UPDATE-SINGLE-ANNOTATED-BRONZE	 
4053	M+H	 	1	Ceramide (18:1/16:0)	Other	Quinn	537.512	spectra/specs_ms.mgf4053	 	 	qTof	Positive	LC-ESI	538.52	lib-00012.mgf	Bronze	3	0.833111	2.0401	0.00109863	1	GNPS-LIBRARY	Rohwer	538.52	7850623	0	11	 	1	538.521	spectra/specs_ms.mgf	CCMSLIB00000223895	185536	UPDATE-SINGLE-ANNOTATED-BRONZE	 
4256	M+H	603-17-8	1	Pheophytin A	Crude	Don D. Nguyen	870.566	spectra/specs_ms.mgf4256	 	 	qTof	Positive	LC-ESI	871.593	lib-00012.mgf	Bronze	3	0.94721	1.96076	0.00170898	1	GNPS-LIBRARY	Pieter C. Dorrestein	871.593	 	0	13	 	1	871.595	spectra/specs_ms.mgf	CCMSLIB00000471426	395191	UPDATE-SINGLE-ANNOTATED-BRONZE	 
4260	M+H	34217-90-8 	1	Stercobilin	Other	A. Jarmusch	595.35	spectra/specs_ms.mgf4260	 	 	Orbitrap	Positive	LC-ESI	595.35	lib-00012.mgf	Bronze	3	0.781658	2.35796	0.00140381	1	GNPS-LIBRARY	Dorrestein	595.35	5280818	0	14	CCC1C(C(=O)NC1CC2=NC(=CC3=C(C(=C(N3)CC4C(C(C(=O)N4)CC)C)C)CCC(=O)O)C(=C2C)CCC(=O)O)C	1	595.349	spectra/specs_ms.mgf	CCMSLIB00001059689	119391	UPDATE-SINGLE-ANNOTATED-BRONZE	 
4277	[M+H]+	N/A	1	PIPERINE	isolated	MoNA:VF-NPL-QEHF000639	0.0	spectra/specs_ms.mgf4277	InChI=1S/C17H19NO3/c19-17(18-10-4-1-5-11-18)7-3-2-6-14-8-9-15-16(12-14)21-13-20-15/h2-3,6-9,12H,1,4-5,10-11,13H2/b6-2+,7-3+	N/A	ESI-QFT	positive	N/A	286.144	lib-00026.mgf	Bronze	3	0.958013	0.746558	0.000213623	1	MONA	MoNA	286.144	N/A	0	10	N/A	1	286.144	spectra/specs_ms.mgf	CCMSLIB00004691702	18658	UPDATE-SINGLE-ANNOTATED-BRONZE	 
4302	M+H	N/A	1	B27A19	Commercial	Sirenas Marine Discovery	0.0	spectra/specs_ms.mgf4302	N/A	N/A	qTof	Positive	LC-ESI	531.409	lib-00009.mgf	Bronze	3	0.908255	0	0	1	GNPS-FAULKNERLEGACY	Sirenas Marine Discovery	531.409	N/A	0	9	N/A	1	531.409	spectra/specs_ms.mgf	CCMSLIB00000081041	6796	UPDATE-SINGLE-ANNOTATED-BRONZE	 
4319	247.2	14602392	1	Spectral Match to 5(Z),8(Z),11(Z)-Eicosatrienoic acid methyl ester from NIST14	Isolated	Data deposited by fevargas	0.0	spectra/specs_ms.mgf4319	N/A	N/A	IT/ion trap	Positive	ESI	247.199	lib-00028.mgf	Bronze	3	0.784927	175.921	0.0434875	1	GNPS-NIST14-MATCHES	Data from Brigid Boland	247.199	N/A	0	7	N/A	1	247.242	spectra/specs_ms.mgf	CCMSLIB00003137415	1695	UPDATE-SINGLE-ANNOTATED-BRONZE	 
4343	M+H	 	0	Putative (3-hydroxyheptadecanoyl)glycine	Lysate	aaksenov	0.0	spectra/specs_ms.mgf4343	 	 	qTof	Positive	LC-ESI	344.28	lib-00012.mgf	Bronze	3	0.807535	0.265925	9.15527e-05	1	GNPS-LIBRARY	Dorrestein	344.28	 	0	9	 	1	344.28	spectra/specs_ms.mgf	CCMSLIB00004679238	7049	UPDATE-SINGLE-ANNOTATED-BRONZE	 
4439	M+H-NH3	301020	1	Spectral Match to 9-Octadecenamide, (Z)- from NIST14	Isolated	Data deposited by amelnik	0.0	spectra/specs_ms.mgf4439	N/A	N/A	IT-FT/ion trap with FTMS	Positive	ESI	265.252	lib-00028.mgf	Bronze	3	0.810973	2.53113	0.000671387	1	GNPS-NIST14-MATCHES	Data from Rob Knight 	265.252	N/A	0	7	N/A	1	265.253	spectra/specs_ms.mgf	CCMSLIB00003134686	2072	UPDATE-SINGLE-ANNOTATED-BRONZE	 
4449	M+H-H2O	N/A	1	Spectral Match to 9(10)-EpOME from NIST14	Isolated	Data deposited by mjmeehan	0.0	spectra/specs_ms.mgf4449	N/A	N/A	HCD	Positive	ESI	279.231	lib-00028.mgf	Bronze	3	0.840801	3.27875	0.000915527	1	GNPS-NIST14-MATCHES	Data from Gabriel Haddad	279.231	N/A	0	8	N/A	1	279.232	spectra/specs_ms.mgf	CCMSLIB00003134812	3065	UPDATE-SINGLE-ANNOTATED-BRONZE	 
452	M+H-H2O	5255174	1	Spectral Match to 3.beta.-Hydroxy-5-cholenoic acid from NIST14	Isolated	Data deposited by fevargas	0.0	spectra/specs_ms.mgf452	N/A	N/A	HCD	Positive	ESI	357.278	lib-00028.mgf	Bronze	3	0.815729	1.36667	0.000488281	1	GNPS-NIST14-MATCHES	Data from Christopher A. Lowry	357.278	N/A	0	14	N/A	1	357.279	spectra/specs_ms.mgf	CCMSLIB00003134721	119830	UPDATE-SINGLE-ANNOTATED-BRONZE	 
4591	M+H	53862354	1	Spectral Match to 1-Palmitoyl-2-hydroxy-sn-glycero-3-phosphoethanolamine from NIST14	Isolated	Data deposited by alchemistmatt	0.0	spectra/specs_ms.mgf4591	N/A	N/A	HCD	Positive	ESI	454.291	lib-00028.mgf	Bronze	3	0.877752	3.76187	0.00170898	1	GNPS-NIST14-MATCHES	Data from Katrina Waters;Yoshihiro Kawaoka;Michael Diamond;Richard Smith;Thomas Metz	454.291	N/A	0	10	N/A	1	454.293	spectra/specs_ms.mgf	CCMSLIB00003134881	106839	UPDATE-SINGLE-ANNOTATED-BRONZE	 
4627	M+H	6809707	1	Spectral Match to Undecaethylene glycol from NIST14	Isolated	Data deposited by fevargas	0.0	spectra/specs_ms.mgf4627	N/A	N/A	QqQ	Positive	ESI	503.311	lib-00028.mgf	Bronze	3	0.973639	10.3684	0.00521851	1	GNPS-NIST14-MATCHES	Data from Karly Nisson	503.311	N/A	0	17	N/A	1	503.306	spectra/specs_ms.mgf	CCMSLIB00003135327	62505	UPDATE-SINGLE-ANNOTATED-BRONZE	 
4634	M+H	5579668	1	Spectral Match to Decaethylene glycol from NIST14	Isolated	Data deposited by amelnik	0.0	spectra/specs_ms.mgf4634	N/A	N/A	QqQ	Positive	ESI	459.28	lib-00028.mgf	Bronze	3	0.811009	0.863805	0.000396729	1	GNPS-NIST14-MATCHES	Data from Rob Knight 	459.28	N/A	0	9	N/A	1	459.28	spectra/specs_ms.mgf	CCMSLIB00003136855	33782	UPDATE-SINGLE-ANNOTATED-BRONZE	 
4701	M+H-H2O	832973	1	Spectral Match to DL-Indole-3-lactic acid from NIST14	Isolated	Data deposited by aaksenov	0.0	spectra/specs_ms.mgf4701	N/A	N/A	Q-TOF	Positive	ESI	188.07	lib-00028.mgf	Bronze	3	0.963482	5.84162	0.00109863	1	GNPS-NIST14-MATCHES	Data from Karin	188.07	N/A	0	6	N/A	1	188.071	spectra/specs_ms.mgf	CCMSLIB00003138745	2885	UPDATE-SINGLE-ANNOTATED-BRONZE	 
4718	M+H	17364168	1	Spectral Match to Lyso-PC(16:0) from NIST14	Isolated	Data deposited by daniel	0.0	spectra/specs_ms.mgf4718	N/A	N/A	Q-TOF	Positive	ESI	496.339	lib-00028.mgf	Bronze	3	0.826275	0.368912	0.000183105	1	GNPS-NIST14-MATCHES	Data from Pieter Dorrestein	496.339	N/A	0	7	N/A	1	496.339	spectra/specs_ms.mgf	CCMSLIB00003135613	37744	UPDATE-SINGLE-ANNOTATED-BRONZE	 
4735	M+H	89576294	1	Spectral Match to 1-(9Z-Octadecenoyl)-sn-glycero-3-phosphoethanolamine from NIST14	Isolated	Data deposited by amelnik	0.0	spectra/specs_ms.mgf4735	N/A	N/A	QqIT	Positive	ESI	480.308	lib-00028.mgf	Bronze	3	0.793126	3.74871	0.00180054	1	GNPS-NIST14-MATCHES	Data from PDorrestein	480.308	N/A	0	10	N/A	1	480.31	spectra/specs_ms.mgf	CCMSLIB00003137869	19992	UPDATE-SINGLE-ANNOTATED-BRONZE	 
4776	M+H	3386183	1	Spectral Match to Nonaethylene glycol from NIST14	Isolated	Data deposited by aaksenov	0.0	spectra/specs_ms.mgf4776	N/A	N/A	QqQ	Positive	ESI	415.253	lib-00028.mgf	Bronze	3	0.942418	2.42522	0.00100708	1	GNPS-NIST14-MATCHES	Data from Rob Knight	415.253	N/A	0	8	N/A	1	415.254	spectra/specs_ms.mgf	CCMSLIB00003138595	5718	UPDATE-SINGLE-ANNOTATED-BRONZE	 
478	M+H	930121	1	Spectral Match to Decaethylene glycol tridecyl ether from NIST14	Isolated	Data deposited by aaksenov	0.0	spectra/specs_ms.mgf478	N/A	N/A	QqQ	Positive	ESI	641.485	lib-00028.mgf	Bronze	3	0.941127	2.28352	0.00146484	1	GNPS-NIST14-MATCHES	Data from P. Dorrestein R. Knight	641.485	N/A	0	20	N/A	1	641.484	spectra/specs_ms.mgf	CCMSLIB00003135890	31426	UPDATE-SINGLE-ANNOTATED-BRONZE	 
4783	M+H	n/a	1	1-desoxymethylsphinganine	commercial	lfnothias	301.298	spectra/specs_ms.mgf4783	n/a	N/A	Maxis II HD Q-TOF Bruker	positive	LC-ESI	302.305	lib-00022.mgf	Gold	1	0.942993	0	0	1	GNPS-COLLECTIONS-MISC	Dorrestein/Wu	302.305	n/a	0	7	CCCCCCCCCCCCCCC[C@H](CN)O	1	302.305	spectra/specs_ms.mgf	CCMSLIB00001058181	5361	UPDATE-SINGLE-ANNOTATED-GOLD	 
496	M+H	2420566	1	Spectral Match to Conjugated linoleic Acid (10E,12Z) from NIST14	Isolated	Data deposited by amelnik	0.0	spectra/specs_ms.mgf496	N/A	N/A	HCD	Positive	ESI	281.247	lib-00028.mgf	Bronze	3	0.779606	2.82121	0.000793457	1	GNPS-NIST14-MATCHES	Data from Rob Knight 	281.247	N/A	0	9	N/A	1	281.248	spectra/specs_ms.mgf	CCMSLIB00003136151	4005	UPDATE-SINGLE-ANNOTATED-BRONZE	Lipid
5023	M+H	2716532	1	Spectral Match to Monoelaidin from NIST14	Isolated	Data deposited by amelnik	0.0	spectra/specs_ms.mgf5023	N/A	N/A	HCD	Positive	ESI	357.299	lib-00028.mgf	Bronze	3	0.819363	0.768707	0.000274658	1	GNPS-NIST14-MATCHES	Data from Rob Knight 	357.299	N/A	0	8	N/A	1	357.299	spectra/specs_ms.mgf	CCMSLIB00003136422	2524	UPDATE-SINGLE-ANNOTATED-BRONZE	Lipid
503	M+H	111626	1	Spectral Match to Oleic acid ethyl ester from NIST14	Isolated	Data deposited by rsilva	0.0	spectra/specs_ms.mgf503	N/A	N/A	HCD	Positive	ESI	311.29	lib-00028.mgf	Bronze	3	0.938912	15.3916	0.00479126	1	GNPS-NIST14-MATCHES	Data from Rob Knight	311.29	N/A	0	11	N/A	1	311.295	spectra/specs_ms.mgf	CCMSLIB00003136619	12938	UPDATE-SINGLE-ANNOTATED-BRONZE	 
507	M+H	N/A	1	Spectral Match to Undecaethylene glycol tridecyl ether from NIST14	Isolated	Data deposited by abouslimani	0.0	spectra/specs_ms.mgf507	N/A	N/A	QqQ	Positive	ESI	685.511	lib-00028.mgf	Bronze	3	0.816488	1.15747	0.000793457	1	GNPS-NIST14-MATCHES	Data from Maria Gloria Dominguez-Bello and Pieter Dorrestein	685.511	N/A	0	18	N/A	1	685.51	spectra/specs_ms.mgf	CCMSLIB00003139364	28451	UPDATE-SINGLE-ANNOTATED-BRONZE	 
5294	M-H2O+H	n/a	1	NCGC00385642-01!1,4-dihydroxyheptadec-16-en-2-yl acetate	isolated	lfnothias	328.261	spectra/specs_ms.mgf5294	InChI=1S/C19H36O4/c1-3-4-5-6-7-8-9-10-11-12-13-14-18(22)15-19(16-20)23-17(2)21/h3,18-20,22H,1,4-16H2,2H3	N/A	Maxis II HD Q-TOF Bruker	positive	LC-ESI	311.257	lib-00001.mgf	Gold	1	0.776834	0.294139	9.15527e-05	1	GNPS-NIH-NATURALPRODUCTSLIBRARY_ROUND2_POSITIVE	Jadhav/Dorrestein	311.257	n/a	0	8	CC(=O)OC(CO)CC(O)CCCCCCCCCCCC=C	1	311.257	spectra/specs_ms.mgf	CCMSLIB00000845027	14780	UPDATE-SINGLE-ANNOTATED-GOLD	 
5303	M+H	n/a	1	NCGC00095546-02!2,4-dihydroxyheptadec-16-enyl acetate	isolated	lfnothias	328.261	spectra/specs_ms.mgf5303	InChI=1S/C19H36O4/c1-3-4-5-6-7-8-9-10-11-12-13-14-18(21)15-19(22)16-23-17(2)20/h3,18-19,21-22H,1,4-16H2,2H3	N/A	Maxis II HD Q-TOF Bruker	positive	LC-ESI	329.268	lib-00001.mgf	Gold	1	0.820216	1.57561	0.000518799	1	GNPS-NIH-NATURALPRODUCTSLIBRARY_ROUND2_POSITIVE	Jadhav/Dorrestein	329.268	n/a	0	8	CC(=O)OCC(O)CC(O)CCCCCCCCCCCC=C	1	329.267	spectra/specs_ms.mgf	CCMSLIB00000848385	13891	UPDATE-SINGLE-ANNOTATED-GOLD	 
5308	M+H	n/a	1	NCGC00381425-01!8-hydroxy-8-(3-octyloxiran-2-yl)octanoic acid	isolated	lfnothias	314.246	spectra/specs_ms.mgf5308	InChI=1S/C18H34O4/c1-2-3-4-5-6-10-13-16-18(22-16)15(19)12-9-7-8-11-14-17(20)21/h15-16,18-19H,2-14H2,1H3,(H,20,21)	N/A	Maxis II HD Q-TOF Bruker	positive	LC-ESI	315.253	lib-00001.mgf	Gold	1	0.751355	116.455	0.0367126	1	GNPS-NIH-NATURALPRODUCTSLIBRARY_ROUND2_POSITIVE	Jadhav/Dorrestein	315.253	n/a	0	9	CCCCCCCCC1OC1C(O)CCCCCCC(O)=O	1	315.29	spectra/specs_ms.mgf	CCMSLIB00000846581	14347	UPDATE-SINGLE-ANNOTATED-GOLD	 
5309	[M+H]+	N/A	1	Avocadyne Acetate	isolated	MoNA:VF-NPL-QEHF011407	0.0	spectra/specs_ms.mgf5309	InChI=1S/C19H34O4/c1-3-4-5-6-7-8-9-10-11-12-13-14-18(21)15-19(22)16-23-17(2)20/h1,18-19,21-22H,4-16H2,2H3	N/A	ESI-QFT	positive	N/A	327.253	lib-00026.mgf	Bronze	3	0.765113	1.2123	0.000396729	1	MONA	MoNA	327.253	N/A	0	7	N/A	1	327.253	spectra/specs_ms.mgf	CCMSLIB00004702470	13727	UPDATE-SINGLE-ANNOTATED-BRONZE	 
536	M+H	111626	1	Spectral Match to Oleic acid ethyl ester from NIST14	Isolated	Data deposited by rsilva	0.0	spectra/specs_ms.mgf536	N/A	N/A	HCD	Positive	ESI	311.29	lib-00028.mgf	Bronze	3	0.938912	15.6857	0.00488281	1	GNPS-NIST14-MATCHES	Data from Rob Knight	311.29	N/A	0	11	N/A	1	311.295	spectra/specs_ms.mgf	CCMSLIB00003136619	12938	UPDATE-SINGLE-ANNOTATED-BRONZE	 
549	M+H-NH3	301020	1	Spectral Match to 9-Octadecenamide, (Z)- from NIST14	Isolated	Data deposited by amelnik	0.0	spectra/specs_ms.mgf549	N/A	N/A	IT-FT/ion trap with FTMS	Positive	ESI	265.252	lib-00028.mgf	Bronze	3	0.880475	2.99133	0.000793457	1	GNPS-NIST14-MATCHES	Data from Rob Knight 	265.252	N/A	0	10	N/A	1	265.253	spectra/specs_ms.mgf	CCMSLIB00003134686	12588	UPDATE-SINGLE-ANNOTATED-BRONZE	 
5534	M+H	5966289	1	Spectral Match to N-Oleoyl-4-sphingenine from NIST14	Isolated	Data deposited by amelnik	0.0	spectra/specs_ms.mgf5534	N/A	N/A	QqIT	Positive	ESI	564.539	lib-00028.mgf	Bronze	3	0.861124	4.97329	0.00280762	1	GNPS-NIST14-MATCHES	Data from PDorrestein	564.539	N/A	0	7	N/A	1	564.536	spectra/specs_ms.mgf	CCMSLIB00003136188	29743	UPDATE-SINGLE-ANNOTATED-BRONZE	 
5709	M+H	n/a	1	NCGC00385919-01_C20H34O_2-Penten-1-ol, 5-[(1S,4aS,8aS)-decahydro-5,5,8a-trimethyl-2-methylene-1-naphthalenyl]-3-methyl-, (2E)-	isolated	lfnothias	290.261	spectra/specs_ms.mgf5709	InChI=1S/C20H34O/c1-15(11-14-21)7-9-17-16(2)8-10-18-19(3,4)12-6-13-20(17,18)5/h11,17-18,21H,2,6-10,12-14H2,1,3-5H3/b15-11-	N/A	Maxis II HD Q-TOF Bruker	positive	LC-ESI	291.268	lib-00001.mgf	Gold	1	0.833299	1.36207	0.000396729	1	GNPS-NIH-NATURALPRODUCTSLIBRARY_ROUND2_POSITIVE	Jadhav/Dorrestein	291.268	n/a	0	10	CC(/CCC1C(=C)CCC2C(C)(C)CCCC12C)=C/CO	1	291.268	spectra/specs_ms.mgf	CCMSLIB00000855458	50722	UPDATE-SINGLE-ANNOTATED-GOLD	 
5749	M-H2O+H	n/a	1	NCGC00385110-01_C20H38O2_(2R)-1-(5-Hydroxy-3-methylpentyl)-2,5,5,8a-tetramethyldecahydro-2-naphthalenol	isolated	lfnothias	310.287	spectra/specs_ms.mgf5749	InChI=1S/C20H38O2/c1-15(10-14-21)7-8-17-19(4)12-6-11-18(2,3)16(19)9-13-20(17,5)22/h15-17,21-22H,6-14H2,1-5H3/t15?,16?,17?,19?,20-/m1/s1	N/A	Maxis II HD Q-TOF Bruker	positive	LC-ESI	293.283	lib-00001.mgf	Gold	1	0.788337	3.74598	0.00109863	1	GNPS-NIH-NATURALPRODUCTSLIBRARY_ROUND2_POSITIVE	Jadhav/Dorrestein	293.283	n/a	0	9	CC(CCO)CCC1[C@](C)(O)CCC2C(C)(C)CCCC12C	1	293.284	spectra/specs_ms.mgf	CCMSLIB00000854319	15427	UPDATE-SINGLE-ANNOTATED-GOLD	 
5751	M+H	19420576	1	Spectral Match to 1-Stearoyl-2-hydroxy-sn-glycero-3-phosphocholine from NIST14	Isolated	Data deposited by fevargas	0.0	spectra/specs_ms.mgf5751	N/A	N/A	HCD	Positive	ESI	524.37	lib-00028.mgf	Bronze	3	0.946185	1.39677	0.000732422	1	GNPS-NIST14-MATCHES	Data from Joshua Wollam	524.37	N/A	0	10	N/A	1	524.371	spectra/specs_ms.mgf	CCMSLIB00003137839	54398	UPDATE-SINGLE-ANNOTATED-BRONZE	 
5796	M+H	1449054	1	Spectral Match to 18.alpha.-Glycyrrhetinic acid from NIST14	Isolated	Data deposited by aaksenov	0.0	spectra/specs_ms.mgf5796	N/A	N/A	Q-TOF	Positive	ESI	471.347	lib-00028.mgf	Bronze	3	0.902463	3.17253	0.00149536	1	GNPS-NIST14-MATCHES	Data from P. Dorrestein R. Knight	471.347	N/A	0	18	N/A	1	471.345	spectra/specs_ms.mgf	CCMSLIB00003139146	15152	UPDATE-SINGLE-ANNOTATED-BRONZE	 
5853	M+H	 	1	TOP 8 Psoriasis feature - Unknown FeatureID=4262	Lysate	lfnothias	0.0	spectra/specs_ms.mgf5853	 	 	qTof	Positive	LC-ESI	438.297	lib-00012.mgf	Bronze	3	0.950052	2.29771	0.00100708	1	GNPS-LIBRARY	Dorrestein	438.297	 	0	12	 	1	438.296	spectra/specs_ms.mgf	CCMSLIB00004684235	11244	UPDATE-SINGLE-ANNOTATED-BRONZE	 
608	M+H	948310687	1	Spectral Match to 12(13)-Epoxy-9Z-octadecenoic acid from NIST14	Isolated	Data deposited by amelnik	0.0	spectra/specs_ms.mgf608	N/A	N/A	HCD	Positive	ESI	297.242	lib-00028.mgf	Bronze	3	0.810646	1.3347	0.000396729	1	GNPS-NIST14-MATCHES	Data from Rob Knight 	297.242	N/A	0	11	N/A	1	297.242	spectra/specs_ms.mgf	CCMSLIB00003136863	10946	UPDATE-SINGLE-ANNOTATED-BRONZE	 
6327	[M+H]+	287714-41-4	1	Massbank:EA280211 Rosuvastatin|(E,3R,5R)-7-[4-(4-fluorophenyl)-2-(methyl-methylsulfonylamino)-6-propan-2-ylpyrimidin-5-yl]-3,5-dihydroxyhept-6-enoic acid	Isolated	Massbank	0.0	spectra/specs_ms.mgf6327	1S/C22H28FN3O6S/c1-13(2)20-18(10-9-16(27)11-17(28)12-19(29)30)21(14-5-7-15(23)8-6-14)25-22(24-20)26(3)33(4,31)32/h5-10,13,16-17,27-28H,11-12H2,1-4H3,(H,29,30)/b10-9+/t16-,17+/m0/s1	N/A	LC-ESI-ITFT	Positive	ESI	482.176	lib-00003.mgf	Bronze	3	0.888999	1.89874	0.000915527	1	MASSBANK	Putative Massbank Match	482.176	N/A	0	8	c1(nc(N(S(=O)(=O)C)C)nc(c1\C=C\[C@@H](C[C@H](CC(O)=O)O)O)c1ccc(cc1)F)C(C)C	1	482.177	spectra/specs_ms.mgf	CCMSLIB00000211151	172959	UPDATE-SINGLE-ANNOTATED-BRONZE	 
6328	M+H	53862354	1	Spectral Match to 1-Palmitoyl-2-hydroxy-sn-glycero-3-phosphoethanolamine from NIST14	Isolated	Data deposited by alchemistmatt	0.0	spectra/specs_ms.mgf6328	N/A	N/A	HCD	Positive	ESI	454.291	lib-00028.mgf	Bronze	3	0.880303	9.47186	0.00430298	1	GNPS-NIST14-MATCHES	Data from Katrina Waters;Yoshihiro Kawaoka;Michael Diamond;Richard Smith;Thomas Metz	454.291	N/A	0	10	N/A	1	454.295	spectra/specs_ms.mgf	CCMSLIB00003134881	53326	UPDATE-SINGLE-ANNOTATED-BRONZE	 
6331	M+H	n/a	1	1-desoxymethylsphinganine	commercial	lfnothias	301.298	spectra/specs_ms.mgf6331	n/a	N/A	Maxis II HD Q-TOF Bruker	positive	LC-ESI	302.305	lib-00022.mgf	Gold	1	0.947961	0.403799	0.00012207	1	GNPS-COLLECTIONS-MISC	Dorrestein/Wu	302.305	n/a	0	8	CCCCCCCCCCCCCCC[C@H](CN)O	1	302.305	spectra/specs_ms.mgf	CCMSLIB00001058181	6475	UPDATE-SINGLE-ANNOTATED-GOLD	 
6335	M+H	601570	1	Spectral Match to (+)-4-Cholesten-3-one from NIST14	Isolated	Data deposited by aaksenov	0.0	spectra/specs_ms.mgf6335	N/A	N/A	QqQ	Positive	ESI	385.346	lib-00028.mgf	Bronze	3	0.900858	3.08862	0.00119019	1	GNPS-NIST14-MATCHES	Data from P. Dorrestein R. Knight	385.346	N/A	0	12	N/A	1	385.347	spectra/specs_ms.mgf	CCMSLIB00003137024	19268	UPDATE-SINGLE-ANNOTATED-BRONZE	 
6336	M+H	73223	1	Spectral Match to L-Tryptophan from NIST14	Isolated	Data deposited by aaksenov	0.0	spectra/specs_ms.mgf6336	N/A	N/A	Q-TOF	Positive	ESI	205.098	lib-00028.mgf	Bronze	3	0.969836	4.91024	0.00100708	1	GNPS-NIST14-MATCHES	Data from P. Dorrestein R. Knight	205.098	N/A	0	6	N/A	1	205.097	spectra/specs_ms.mgf	CCMSLIB00003139632	8872	UPDATE-SINGLE-ANNOTATED-BRONZE	 
6353	M+H	N/A	1	Spectral Match to Phe-Leu from NIST14	Isolated	Data deposited by fevargas	0.0	spectra/specs_ms.mgf6353	N/A	N/A	Q-TOF	Positive	ESI	279.17	lib-00028.mgf	Bronze	3	0.983414	4.37262	0.0012207	1	GNPS-NIST14-MATCHES	Data from Chris Turck	279.17	N/A	0	6	N/A	1	279.169	spectra/specs_ms.mgf	CCMSLIB00003134492	14262	UPDATE-SINGLE-ANNOTATED-BRONZE	 
6369	M+H	603-17-8	1	Pheophytin A	Crude	Don D. Nguyen	870.566	spectra/specs_ms.mgf6369	 	 	qTof	Positive	LC-ESI	871.593	lib-00012.mgf	Bronze	3	0.951567	21.1482	0.0184326	1	GNPS-LIBRARY	Pieter C. Dorrestein	871.593	 	0	13	 	1	871.575	spectra/specs_ms.mgf	CCMSLIB00000471426	188513	UPDATE-SINGLE-ANNOTATED-BRONZE	 
6373	M-H2O+H	n/a	1	NCGC00385811-01!6-[3-[(3,4-dimethoxyphenyl)methyl]-4-methoxy-2-(methoxymethyl)butyl]-4-methoxy-1,3-benzodioxole	isolated	lfnothias	432.215	spectra/specs_ms.mgf6373	InChI=1S/C24H32O7/c1-25-13-18(8-16-6-7-20(27-3)21(10-16)28-4)19(14-26-2)9-17-11-22(29-5)24-23(12-17)30-15-31-24/h6-7,10-12,18-19H,8-9,13-15H2,1-5H3	N/A	Maxis II HD Q-TOF Bruker	positive	LC-ESI	415.211	lib-00001.mgf	Gold	1	0.944463	3.82195	0.00158691	1	GNPS-NIH-NATURALPRODUCTSLIBRARY_ROUND2_POSITIVE	Jadhav/Dorrestein	415.211	n/a	0	6	COCC(CC1=CC=C(OC)C(OC)=C1)C(COC)CC2=CC3=C(OCO3)C(OC)=C2	1	415.213	spectra/specs_ms.mgf	CCMSLIB00000848625	50998	UPDATE-SINGLE-ANNOTATED-GOLD	 
6391	[M+H]+	26159-31-9	1	Massbank:EA020205 Naproxen|2-(6-methoxy-2-naphthalenyl)propanoic acid	Isolated	Massbank	0.0	spectra/specs_ms.mgf6391	1S/C14H14O3/c1-9(14(15)16)10-3-4-12-8-13(17-2)6-5-11(12)7-10/h3-9H,1-2H3,(H,15,16)	N/A	LC-ESI-ITFT	Positive	ESI	231.102	lib-00003.mgf	Bronze	3	0.917182	2.57502	0.000595093	1	MASSBANK	Putative Massbank Match	231.102	N/A	0	6	CC(C1=CC2=C(C=C1)C=C(C=C2)OC)C(=O)O	1	231.103	spectra/specs_ms.mgf	CCMSLIB00000207472	16607	UPDATE-SINGLE-ANNOTATED-BRONZE	 
6405	M+H	24880408	1	Spectral Match to .omega.-3 Arachidonic acid from NIST14	Isolated	Data deposited by amelnik	0.0	spectra/specs_ms.mgf6405	N/A	N/A	HCD	Positive	ESI	305.247	lib-00028.mgf	Bronze	3	0.736064	0	0	1	GNPS-NIST14-MATCHES	Data from Rob Knight 	305.247	N/A	0	9	N/A	1	305.247	spectra/specs_ms.mgf	CCMSLIB00003137450	2689	UPDATE-SINGLE-ANNOTATED-BRONZE	 
6418	M+H	89576294	1	Spectral Match to 1-(9Z-Octadecenoyl)-sn-glycero-3-phosphoethanolamine from NIST14	Isolated	Data deposited by amelnik	0.0	spectra/specs_ms.mgf6418	N/A	N/A	QqIT	Positive	ESI	480.308	lib-00028.mgf	Bronze	3	0.828534	1.84259	0.00088501	1	GNPS-NIST14-MATCHES	Data from PDorrestein	480.308	N/A	0	11	N/A	1	480.309	spectra/specs_ms.mgf	CCMSLIB00003137869	11387	UPDATE-SINGLE-ANNOTATED-BRONZE	 
6420	M+H	930121	1	Spectral Match to Decaethylene glycol tridecyl ether from NIST14	Isolated	Data deposited by aaksenov	0.0	spectra/specs_ms.mgf6420	N/A	N/A	QqQ	Positive	ESI	641.485	lib-00028.mgf	Bronze	3	0.943931	2.28352	0.00146484	1	GNPS-NIST14-MATCHES	Data from P. Dorrestein R. Knight	641.485	N/A	0	19	N/A	1	641.484	spectra/specs_ms.mgf	CCMSLIB00003135890	26098	UPDATE-SINGLE-ANNOTATED-BRONZE	 
6438	M+H	566938	1	Spectral Match to Cholesta-4,6-dien-3-one from NIST14	Isolated	Data deposited by aaksenov	0.0	spectra/specs_ms.mgf6438	N/A	N/A	HCD	Positive	ESI	383.331	lib-00028.mgf	Bronze	3	0.850415	1.03495	0.000396729	1	GNPS-NIST14-MATCHES	Data from P. Dorrestein R. Knight	383.331	N/A	0	12	N/A	1	383.331	spectra/specs_ms.mgf	CCMSLIB00003135726	5820	UPDATE-SINGLE-ANNOTATED-BRONZE	 
646	M+H	17243140	1	Spectral Match to Didodecyl 3,3'-thiodipropionate oxide from NIST14	Isolated	Data deposited by mernst	0.0	spectra/specs_ms.mgf646	N/A	N/A	QqQ	Positive	ESI	531.408	lib-00028.mgf	Bronze	3	0.905884	0	0	1	GNPS-NIST14-MATCHES	Data from Pieter Dorrestein	531.408	N/A	0	16	N/A	1	531.408	spectra/specs_ms.mgf	CCMSLIB00003140026	32444	UPDATE-SINGLE-ANNOTATED-BRONZE	 
650	M+H-H2O	128132	1	Spectral Match to Ursodeoxycholic acid from NIST14	Isolated	Data deposited by amelnik	0.0	spectra/specs_ms.mgf650	N/A	N/A	HCD	Positive	ESI	375.289	lib-00028.mgf	Bronze	3	0.807826	0.813175	0.000305176	1	GNPS-NIST14-MATCHES	Data from Rob Knight 	375.289	N/A	0	14	N/A	1	375.289	spectra/specs_ms.mgf	CCMSLIB00003139029	79571	UPDATE-SINGLE-ANNOTATED-BRONZE	 
6507	M+H	n/a	1	NCGC00247500-02!(2E,4E,12E)-13-(1,3-benzodioxol-5-yl)-N-(2-methylpropyl)trideca-2,4,12-trienamide	isolated	lfnothias	383.246	spectra/specs_ms.mgf6507	InChI=1S/C24H33NO3/c1-20(2)18-25-24(26)14-12-10-8-6-4-3-5-7-9-11-13-21-15-16-22-23(17-21)28-19-27-22/h8,10-17,20H,3-7,9,18-19H2,1-2H3,(H,25,26)/b10-8+,13-11+,14-12+	N/A	Maxis II HD Q-TOF Bruker	positive	LC-ESI	384.253	lib-00001.mgf	Gold	1	0.897223	1.03247	0.000396729	1	GNPS-NIH-NATURALPRODUCTSLIBRARY_ROUND2_POSITIVE	Jadhav/Dorrestein	384.253	n/a	0	8	CC(C)CNC(=O)\C=C\C=C\CCCCCC\C=C\C1=CC2=C(OCO2)C=C1	1	384.253	spectra/specs_ms.mgf	CCMSLIB00000848948	6208	UPDATE-SINGLE-ANNOTATED-GOLD	 
651	M+H	54739309	1	Spectral Match to 13-Keto-9Z,11E-octadecadienoic acid from NIST14	Isolated	Data deposited by amelnik	0.0	spectra/specs_ms.mgf651	N/A	N/A	IT-FT/ion trap with FTMS	Positive	ESI	295.227	lib-00028.mgf	Bronze	3	0.875409	1.34381	0.000396729	1	GNPS-NIST14-MATCHES	Data from PDorrestein	295.227	N/A	0	12	N/A	1	295.227	spectra/specs_ms.mgf	CCMSLIB00003139918	11269	UPDATE-SINGLE-ANNOTATED-BRONZE	 
6519	M+H-H2O	131339236	1	Spectral Match to 17(18)-EpETE from NIST14	Isolated	Data deposited by daniel	0.0	spectra/specs_ms.mgf6519	N/A	N/A	HCD	Positive	ESI	301.216	lib-00028.mgf	Bronze	3	0.722963	2.93812	0.00088501	1	GNPS-NIST14-MATCHES	Data from Pieter Dorrestein	301.216	N/A	0	7	N/A	1	301.217	spectra/specs_ms.mgf	CCMSLIB00003134930	2796	UPDATE-SINGLE-ANNOTATED-BRONZE	 
6574	M+H-H2O	77159570	1	Spectral Match to 15-HEDE from NIST14	Isolated	Data deposited by amelnik	0.0	spectra/specs_ms.mgf6574	N/A	N/A	HCD	Positive	ESI	307.263	lib-00028.mgf	Bronze	3	0.874613	1.98641	0.000610352	1	GNPS-NIST14-MATCHES	Data from Rob Knight 	307.263	N/A	0	9	N/A	1	307.264	spectra/specs_ms.mgf	CCMSLIB00003135394	3299	UPDATE-SINGLE-ANNOTATED-BRONZE	 
672	M+H	 	1	Ceramide (18:1/16:0)	Other	Quinn	537.512	spectra/specs_ms.mgf672	 	 	qTof	Positive	LC-ESI	538.52	lib-00012.mgf	Bronze	3	0.834624	1.13339	0.000610352	1	GNPS-LIBRARY	Rohwer	538.52	7850623	0	13	 	1	538.521	spectra/specs_ms.mgf	CCMSLIB00000223895	352093	UPDATE-SINGLE-ANNOTATED-BRONZE	 
685	M+H	111626	1	Spectral Match to Oleic acid ethyl ester from NIST14	Isolated	Data deposited by rsilva	0.0	spectra/specs_ms.mgf685	N/A	N/A	HCD	Positive	ESI	311.29	lib-00028.mgf	Bronze	3	0.912737	15.3916	0.00479126	1	GNPS-NIST14-MATCHES	Data from Rob Knight	311.29	N/A	0	10	N/A	1	311.295	spectra/specs_ms.mgf	CCMSLIB00003136619	24606	UPDATE-SINGLE-ANNOTATED-BRONZE	 
7376	M+H	112845	1	Spectral Match to 13-Docosenamide, (Z)- from NIST14	Isolated	Data deposited by aaksenov	0.0	spectra/specs_ms.mgf7376	N/A	N/A	QqQ	Positive	ESI	338.342	lib-00028.mgf	Bronze	3	0.90535	0	0	1	GNPS-NIST14-MATCHES	Data from P. Dorrestein R. Knight	338.342	N/A	0	13	N/A	1	338.342	spectra/specs_ms.mgf	CCMSLIB00003138200	82297	UPDATE-SINGLE-ANNOTATED-BRONZE	 
7403	M+H-NH3	301020	1	Spectral Match to 9-Octadecenamide, (Z)- from NIST14	Isolated	Data deposited by amelnik	0.0	spectra/specs_ms.mgf7403	N/A	N/A	IT-FT/ion trap with FTMS	Positive	ESI	265.252	lib-00028.mgf	Bronze	3	0.790168	2.99133	0.000793457	1	GNPS-NIST14-MATCHES	Data from Rob Knight 	265.252	N/A	0	8	N/A	1	265.253	spectra/specs_ms.mgf	CCMSLIB00003134686	6905	UPDATE-SINGLE-ANNOTATED-BRONZE	 
7426	M+H	103231	1	Spectral Match to Hexanedioic acid, bis(2-ethylhexyl) ester from NIST14	Isolated	Data deposited by amelnik	0.0	spectra/specs_ms.mgf7426	N/A	N/A	HCD	Positive	ESI	371.315	lib-00028.mgf	Bronze	3	0.966063	9.4516	0.00350952	1	GNPS-NIST14-MATCHES	Data from PDorrestein	371.315	N/A	0	7	N/A	1	371.319	spectra/specs_ms.mgf	CCMSLIB00003137994	161069	UPDATE-SINGLE-ANNOTATED-BRONZE	 
7441	M+H	5130290	1	Spectral Match to 12-Ketodeoxycholic acid from NIST14	Isolated	Data deposited by fevargas	0.0	spectra/specs_ms.mgf7441	N/A	N/A	qTof	Positive	LC-ESI	391.284	lib-00028.mgf	Bronze	3	0.842595	0	0	1	GNPS-NIST14-MATCHES	Data from Joshua Wollam	391.284	N/A	0	16	CC(CCC(=O)O)C1CCC2C1(C(=O)CC3C2CCC4C3(CCC(C4)O)C)C	1	391.284	spectra/specs_ms.mgf	CCMSLIB00003135123	189528	UPDATE-SINGLE-ANNOTATED-BRONZE	 
7452	M+2H]	83905015	1	Spectral Match to Azithromycin from NIST14	Isolated	Data deposited by amelnik	0.0	spectra/specs_ms.mgf7452	N/A	N/A	HCD	Positive	ESI	375.261	lib-00028.mgf	Bronze	3	0.838933	0.325294	0.00012207	1	GNPS-NIST14-MATCHES	Data from Pieter Dorrestein	375.261	N/A	0	16	N/A	1	375.261	spectra/specs_ms.mgf	CCMSLIB00003139972	105324	UPDATE-SINGLE-ANNOTATED-BRONZE	 
7515	M+H	930121	1	Spectral Match to Decaethylene glycol tridecyl ether from NIST14	Isolated	Data deposited by aaksenov	0.0	spectra/specs_ms.mgf7515	N/A	N/A	QqQ	Positive	ESI	641.485	lib-00028.mgf	Bronze	3	0.883549	2.75925	0.00177002	1	GNPS-NIST14-MATCHES	Data from P. Dorrestein R. Knight	641.485	N/A	0	22	N/A	1	641.483	spectra/specs_ms.mgf	CCMSLIB00003135890	62660	UPDATE-SINGLE-ANNOTATED-BRONZE	 
7517	M+H	N/A	1	MLS000028461-01!URSODEOXYCHOLIC ACID	NIH Pharmacologically Active Library	VP/LMS	392.293	spectra/specs_ms.mgf7517	N/A	N/A	qTof	Positive	LC-ESI	393.3	lib-00016.mgf	Gold	1	0.76544	2.01743	0.000793457	1	GNPS-NIH-SMALLMOLECULEPHARMACOLOGICALLYACTIVE	Dorrestein	393.3	N/A	0	6	C[C@H](CCC(=O)O)[C@H]1CC[C@H]2[C@@H]3[C@@H](O)C[C@@H]4C[C@H](O)CC[C@]4(C)[C@H]3CC[C@]12C	1	393.299	spectra/specs_ms.mgf	CCMSLIB00000084832	40476	UPDATE-SINGLE-ANNOTATED-GOLD	 
7524	247.2	14602392	1	Spectral Match to 5(Z),8(Z),11(Z)-Eicosatrienoic acid methyl ester from NIST14	Isolated	Data deposited by fevargas	0.0	spectra/specs_ms.mgf7524	N/A	N/A	IT/ion trap	Positive	ESI	247.199	lib-00028.mgf	Bronze	3	0.79415	174.748	0.0431976	1	GNPS-NIST14-MATCHES	Data from Brigid Boland	247.199	N/A	0	8	N/A	1	247.242	spectra/specs_ms.mgf	CCMSLIB00003137415	8494	UPDATE-SINGLE-ANNOTATED-BRONZE	 
7537	M+H	N/A	1	Spectral Match to Undecaethylene glycol tridecyl ether from NIST14	Isolated	Data deposited by abouslimani	0.0	spectra/specs_ms.mgf7537	N/A	N/A	QqQ	Positive	ESI	685.514	lib-00028.mgf	Bronze	3	0.774191	2.40396	0.00164795	1	GNPS-NIST14-MATCHES	Data from Maria Gloria Dominguez-Bello and Pieter Dorrestein	685.514	N/A	0	17	N/A	1	685.512	spectra/specs_ms.mgf	CCMSLIB00003137912	54237	UPDATE-SINGLE-ANNOTATED-BRONZE	 
7546	M+H	117840	1	Spectral Match to Dioctyl phthalate from NIST14	Isolated	Data deposited by lfnothias	0.0	spectra/specs_ms.mgf7546	N/A	N/A	QqQ	Positive	ESI	391.284	lib-00028.mgf	Bronze	3	0.943436	2.80776	0.00109863	1	GNPS-NIST14-MATCHES	Data from Pieter Dorrestein	391.284	N/A	0	6	N/A	1	391.285	spectra/specs_ms.mgf	CCMSLIB00003140109	34177	UPDATE-SINGLE-ANNOTATED-BRONZE	 
7619	M+NH4	n/a	1	Eicosanoids_18-HEPE_C20H30O3	commercial	lfnothias	318.22	spectra/specs_ms.mgf7619	InChI=1S/C20H30O3/c1-2-19(21)17-15-13-11-9-7-5-3-4-6-8-10-12-14-16-18-20(22)23/h4-7,10-13,15,17,19,21H,2-3,8-9,14,16,18H2,1H3,(H,22,23)/b6-4-,7-5-,12-10-,13-11-,17-15+/t19-/m1/s1	N/A	Maxis II HD Q-TOF Bruker	positive	LC-ESI	336.253	lib-00022.mgf	Gold	1	0.953392	2.45046	0.000823975	1	GNPS-COLLECTIONS-MISC	Dorrestein/Wu	336.253	n/a	0	7	n/a	1	336.254	spectra/specs_ms.mgf	CCMSLIB00001058189	20117	UPDATE-SINGLE-ANNOTATED-GOLD	 
7636	M+H	53862354	1	Spectral Match to 1-Palmitoyl-2-hydroxy-sn-glycero-3-phosphoethanolamine from NIST14	Isolated	Data deposited by alchemistmatt	0.0	spectra/specs_ms.mgf7636	N/A	N/A	HCD	Positive	ESI	454.29	lib-00028.mgf	Bronze	3	0.870028	8.80011	0.0039978	1	GNPS-NIST14-MATCHES	Data from Katrina Waters;Yoshihiro Kawaoka;Richard Smith;Thomas Metz;Ralph Baric	454.29	N/A	0	8	N/A	1	454.294	spectra/specs_ms.mgf	CCMSLIB00003136005	38995	UPDATE-SINGLE-ANNOTATED-BRONZE	 
7671	M+H	2420566	1	Spectral Match to Conjugated linoleic Acid (10E,12Z) from NIST14	Isolated	Data deposited by amelnik	0.0	spectra/specs_ms.mgf7671	N/A	N/A	HCD	Positive	ESI	281.247	lib-00028.mgf	Bronze	3	0.787645	2.49569	0.000701904	1	GNPS-NIST14-MATCHES	Data from Rob Knight 	281.247	N/A	0	8	N/A	1	281.248	spectra/specs_ms.mgf	CCMSLIB00003136151	9390	UPDATE-SINGLE-ANNOTATED-BRONZE	Lipid
7701	2M+H	112845	1	Spectral Match to 13-Docosenamide, (Z)- from NIST14	Isolated	Data deposited by amelnik	0.0	spectra/specs_ms.mgf7701	N/A	N/A	QqQ	Positive	ESI	675.675	lib-00028.mgf	Bronze	3	0.867288	0.903321	0.000610352	1	GNPS-NIST14-MATCHES	Data from PDorrestein	675.675	N/A	0	12	N/A	1	675.676	spectra/specs_ms.mgf	CCMSLIB00003139957	41600	UPDATE-SINGLE-ANNOTATED-BRONZE	 
7760	256.3	629549	1	Spectral Match to Palmitamide from NIST14	Isolated	Data deposited by mjmeehan	0.0	spectra/specs_ms.mgf7760	N/A	N/A	IT/ion trap	Positive	ESI	256.3	lib-00028.mgf	Bronze	3	0.840077	141.217	0.0361938	1	GNPS-NIST14-MATCHES	Data from Jessica Metcalf	256.3	N/A	0	6	N/A	1	256.264	spectra/specs_ms.mgf	CCMSLIB00003137708	4301	UPDATE-SINGLE-ANNOTATED-BRONZE	 
778	M+H	111626	1	Spectral Match to Oleic acid ethyl ester from NIST14	Isolated	Data deposited by rsilva	0.0	spectra/specs_ms.mgf778	N/A	N/A	HCD	Positive	ESI	311.29	lib-00028.mgf	Bronze	3	0.890694	15.3916	0.00479126	1	GNPS-NIST14-MATCHES	Data from Rob Knight	311.29	N/A	0	10	N/A	1	311.295	spectra/specs_ms.mgf	CCMSLIB00003136619	26466	UPDATE-SINGLE-ANNOTATED-BRONZE	 
7812	M+H	17243140	1	Spectral Match to Didodecyl 3,3'-thiodipropionate oxide from NIST14	Isolated	Data deposited by mernst	0.0	spectra/specs_ms.mgf7812	N/A	N/A	QqQ	Positive	ESI	531.408	lib-00028.mgf	Bronze	3	0.917451	0.344567	0.000183105	1	GNPS-NIST14-MATCHES	Data from Pieter Dorrestein	531.408	N/A	0	14	N/A	1	531.408	spectra/specs_ms.mgf	CCMSLIB00003140026	12421	UPDATE-SINGLE-ANNOTATED-BRONZE	 
7835	M+H	 	1	13-OxoODE	Lysate	lfnothias	0.0	spectra/specs_ms.mgf7835	 	 	qTof	Positive	LC-ESI	-1.0	lib-00012.mgf	Bronze	3	0.903618	23.052	0.00680542	1	GNPS-LIBRARY	Dorrestein	-1.0	 	0	11	CCCCCC(=O)/C=C\C=C\CCCCCCCC(=O)O	1	295.227	spectra/specs_ms.mgf	CCMSLIB00004684215	9594	UPDATE-SINGLE-ANNOTATED-BRONZE	 
7848	M+H	54232596	1	Spectral Match to 9-Oxo-10E,12Z-octadecadienoic acid from NIST14	Isolated	Data deposited by amelnik	0.0	spectra/specs_ms.mgf7848	N/A	N/A	IT-FT/ion trap with FTMS	Positive	ESI	295.226	lib-00028.mgf	Bronze	3	0.823817	2.99774	0.00088501	1	GNPS-NIST14-MATCHES	Data from Rob Knight 	295.226	N/A	0	11	N/A	1	295.227	spectra/specs_ms.mgf	CCMSLIB00003135540	13129	UPDATE-SINGLE-ANNOTATED-BRONZE	 
8	M+H	601570	1	Spectral Match to (+)-4-Cholesten-3-one from NIST14	Isolated	Data deposited by aaksenov	0.0	spectra/specs_ms.mgf8	N/A	N/A	QqQ	Positive	ESI	385.346	lib-00028.mgf	Bronze	3	0.967153	1.50471	0.000579834	1	GNPS-NIST14-MATCHES	Data from P. Dorrestein R. Knight	385.346	N/A	0	19	N/A	1	385.347	spectra/specs_ms.mgf	CCMSLIB00003137024	243025	UPDATE-SINGLE-ANNOTATED-BRONZE	 
8020	M+H-H2O	5130290	1	Spectral Match to 12-Ketodeoxycholic acid from NIST14	Isolated	Data deposited by amelnik	0.0	spectra/specs_ms.mgf8020	N/A	N/A	HCD	Positive	ESI	373.274	lib-00028.mgf	Bronze	3	0.801349	3.67904	0.00137329	1	GNPS-NIST14-MATCHES	Data from Rob Knight 	373.274	N/A	0	10	N/A	1	373.273	spectra/specs_ms.mgf	CCMSLIB00003135727	19998	UPDATE-SINGLE-ANNOTATED-BRONZE	 
81	M+H	3386183	1	Spectral Match to Nonaethylene glycol from NIST14	Isolated	Data deposited by rsilva	0.0	spectra/specs_ms.mgf81	N/A	N/A	QqQ	Positive	ESI	415.253	lib-00028.mgf	Bronze	3	0.975826	2.20475	0.000915527	1	GNPS-NIST14-MATCHES	Data from Rob Knight	415.253	N/A	0	12	N/A	1	415.254	spectra/specs_ms.mgf	CCMSLIB00003138197	14204	UPDATE-SINGLE-ANNOTATED-BRONZE	 
9179	M+H	123060402	1	Spectral Match to 1-Myristoyl-2-hydroxy-sn-glycero-3-phosphoethanolamine from NIST14	Isolated	Data deposited by lfnothias	0.0	spectra/specs_ms.mgf9179	N/A	N/A	HCD	Positive	ESI	426.253	lib-00028.mgf	Bronze	3	0.700398	20.4046	0.00869751	1	GNPS-NIST14-MATCHES	Data from Pieter Dorrestein	426.253	N/A	0	6	N/A	1	426.262	spectra/specs_ms.mgf	CCMSLIB00003138156	6568	UPDATE-SINGLE-ANNOTATED-BRONZE	 
928	247.2	14602392	1	Spectral Match to 5(Z),8(Z),11(Z)-Eicosatrienoic acid methyl ester from NIST14	Isolated	Data deposited by fevargas	0.0	spectra/specs_ms.mgf928	N/A	N/A	IT/ion trap	Positive	ESI	247.199	lib-00028.mgf	Bronze	3	0.804309	175.921	0.0434875	1	GNPS-NIST14-MATCHES	Data from Brigid Boland	247.199	N/A	0	8	N/A	1	247.242	spectra/specs_ms.mgf	CCMSLIB00003137415	8598	UPDATE-SINGLE-ANNOTATED-BRONZE	 
93	M+H	5579668	1	Spectral Match to Decaethylene glycol from NIST14	Isolated	Data deposited by amelnik	0.0	spectra/specs_ms.mgf93	N/A	N/A	QqQ	Positive	ESI	459.28	lib-00028.mgf	Bronze	3	0.975954	0	0	1	GNPS-NIST14-MATCHES	Data from Rob Knight 	459.28	N/A	0	13	N/A	1	459.28	spectra/specs_ms.mgf	CCMSLIB00003136855	15453	UPDATE-SINGLE-ANNOTATED-BRONZE	 
934	M+H-H2O	566881	1	Spectral Match to Cholestan-3-one, (5.alpha.)- from NIST14	Isolated	Data deposited by mjmeehan	0.0	spectra/specs_ms.mgf934	N/A	N/A	QqQ	Positive	ESI	369.351	lib-00028.mgf	Bronze	3	0.877475	3.22237	0.00119019	1	GNPS-NIST14-MATCHES	Data from Gabriel Haddad	369.351	N/A	0	10	N/A	1	369.352	spectra/specs_ms.mgf	CCMSLIB00003138970	9107	UPDATE-SINGLE-ANNOTATED-BRONZE	 
